shoppingcartitemid,userid,classid,shoppingcartitemquantity,shoppingcartid,shoppingcartadddate,shoppingcartaddtime
1,479576454,42,1,897bl1f82eaahgmbjd1u2u4kdl,8/23/23,13:21:56
2,790956021,63,1,1in2453aun3dcpcm1mdu7ondo7,8/23/23,13:22:30
4,690037110,61,1,qkvt9dp61up1cigneh56bq4fdm,8/23/23,13:50:27
5,153708469,62,1,p5jhaqpv9noh2sr904mvr78uuu,8/23/23,14:43:08
6,714878286,60,1,87fc1t4dhsqb850pcfj25cjvum,8/23/23,15:42:55
7,690037110,62,1,6o1r9gl3ini1ja2t2cklqp6fna,8/23/23,16:10:15
8,725779696,42,1,6veib7863uo7iv82km5k69e891,8/23/23,19:00:03
9,157747870,42,1,004520g1lc6q3o9stknte19pao,8/23/23,19:05:50
10,668796277,59,1,6lsvjangph4lsuhcitdunmcpuh,8/23/23,21:03:16
11,668796277,62,1,6lsvjangph4lsuhcitdunmcpuh,8/23/23,21:03:40
12,819880427,63,1,pgue7ncv97n400o3olfjec163k,8/23/23,21:28:02
13,900352726,46,1,tq7ddb411l3dufj951ebripbqg,8/23/23,22:59:05
14,606158594,57,1,2mnbkafn1f9va2tpko3kkps8fv,8/23/23,23:15:01
15,540653094,58,1,256vfrcffquv99liqembkjonig,8/23/23,23:16:59
16,191467763,62,1,lv01dm76phed7rso2btos89d2u,8/24/23,00:00:42
17,865552850,47,1,8aatgjfo21a7bvgqmvpugg0q2v,8/24/23,08:32:50
18,811296478,57,1,1lnhgh477oapo3kveg5ka64tfb,8/24/23,08:53:26
19,452282372,61,1,j4c0dmgr0jauqukdf44hsce4pa,8/24/23,11:33:48
20,168028194,62,1,od221schlje2erkruqdsjk4ojc,8/24/23,11:35:39
21,3,58,1,2038t2jf5oikdedcqkosudgflq,8/24/23,11:50:51
22,427272517,47,2,2mrj33kalfhpe8dp1ffun8qdqc,8/24/23,14:08:13
23,720409547,47,1,qo2ofplmlrkjhg60a0eah5eop8,8/24/23,14:09:34
24,532816756,47,1,fgpg1ju3hpkrn4ansm4h0te4qo,8/24/23,14:41:14
25,258721850,43,1,njcs7kc3nv2bv96ccd3vduksmd,8/24/23,15:40:10
26,943494394,60,1,ds5ffef9adtavs3209m2ogsnv1,8/24/23,16:57:32
27,532816756,46,1,keknk7h2aeqt74apl0l5nhhqi6,8/24/23,17:59:32
28,751954509,47,1,0u2l4una0tr4k7qe2nketlufgg,8/24/23,19:21:09
29,605628728,63,1,f07kc7la731bckgrvsn4o60tkq,8/24/23,20:24:56
30,114464450,58,1,a33n2ukt45b9be1nui37amne4u,8/24/23,20:33:34
31,114464450,64,1,a33n2ukt45b9be1nui37amne4u,8/24/23,20:37:31
32,652147584,43,2,s1vpbq8a4q79sn3vgh86ssdh68,8/24/23,20:40:41
33,932577646,43,1,l4dtitnhihmor7456v3icm2f9c,8/24/23,21:05:39
34,487125695,43,2,ab6cg6mepk0ch6ighjr2q1np1a,8/24/23,21:06:33
35,663891736,60,1,9mmnchpq2qg5sigm4e2r0df30k,8/25/23,09:04:06
36,663891736,61,1,9mmnchpq2qg5sigm4e2r0df30k,8/25/23,09:04:15
37,663891736,63,1,9mmnchpq2qg5sigm4e2r0df30k,8/25/23,09:04:31
38,476230144,57,1,vp2tafo5etfstqm21g317bj9b8,8/25/23,09:29:47
39,184001227,63,1,f6tqppal18s65t93hjtam63ort,8/25/23,10:01:19
40,410434401,57,1,0mhhsar6n3osjrod8f5stb2m5d,8/25/23,10:24:15
41,603859184,43,1,1s6dfnsq1c4had262tvq0ipmuh,8/25/23,10:26:38
42,926050482,43,1,fme5jen9v8bgh9q1g86hu0qtii,8/25/23,10:34:16
43,493914652,57,1,1qc4tqlen1s3d1mgtkjgvdteia,8/25/23,11:10:38
44,493914652,58,1,1qc4tqlen1s3d1mgtkjgvdteia,8/25/23,11:11:25
45,493914652,62,1,1qc4tqlen1s3d1mgtkjgvdteia,8/25/23,11:11:29
46,493914652,61,1,1qc4tqlen1s3d1mgtkjgvdteia,8/25/23,11:11:34
47,7,60,1,iq53mv32f38rq1qoplfdvgjj3o,8/25/23,11:33:47
48,7,61,1,iq53mv32f38rq1qoplfdvgjj3o,8/25/23,11:34:21
49,7,63,2,iq53mv32f38rq1qoplfdvgjj3o,8/25/23,11:35:06
50,932145260,64,1,sko24aiav774qc32vohcdsa5l2,8/25/23,12:24:27
51,538314297,64,1,76kbks9ouf2t9417h1v2ur27ge,8/25/23,12:30:23
52,488099731,63,1,76nf2k7df8c41mr27k85b56sop,8/25/23,13:07:02
53,964107766,61,1,ngiftdle5mkij74kagir1jmark,8/25/23,14:18:38
54,128765467,45,1,a6ahq4ievqp874ego44kknjfja,8/25/23,15:39:29
55,378190664,60,1,c5p109d002d0flb9gbeuj570kc,8/25/23,16:29:34
56,883842144,46,1,meaubeec4m64qlui4ipeo5cv6b,8/25/23,18:16:43
57,874899839,64,1,p3od05n9ap0fij00845duid5gf,8/25/23,18:57:08
58,292760258,43,1,2r2bkqelbtvq56nu0q3lf2thf8,8/25/23,20:11:54
59,225877932,43,1,26s96nu6q2iq1vdjr89vnsdcil,8/25/23,20:27:11
60,514396302,43,1,ugvtdq92rq7a5q4jkbbb31jspg,8/26/23,00:07:52
61,120030253,43,1,q1el1of9jsgh0h83u5csefj1ce,8/26/23,00:27:17
62,401996030,43,1,8thhqu1g1a65293tsuidtcu0eb,8/26/23,00:32:06
66,594594502,43,1,2lm4h8krfu7ki0cgef1ocijmt3,8/26/23,10:10:47
67,115739012,43,1,6nbivfr2esh2husdpnt8kko9g1,8/26/23,10:56:29
68,624267972,43,1,a3d0gbv85e1h1plsr0ibt4ujl0,8/26/23,11:14:19
69,225877932,43,1,mhrs46lt2e4893elg7mfehsso8,8/26/23,12:31:59
70,203432806,46,1,rfun0je5hasciftsfk3n40vj1r,8/26/23,13:43:05
71,528018115,59,1,e6ufluni33m9727mjbjaprg2ot,8/26/23,14:04:20
72,528018115,62,1,e6ufluni33m9727mjbjaprg2ot,8/26/23,14:04:30
73,189589627,45,1,tirkghbpfcobclekfc4o0hb09v,8/26/23,14:04:47
74,396543127,57,1,vjfgqnflro0pgfc3jdmddh67vb,8/26/23,15:49:54
75,817020335,45,1,gqnjqqj2cp8hpaipqfs3ist3u1,8/26/23,18:26:26
76,550838388,46,1,nhpovgmoe2k2msg5rk9c7ci7p8,8/26/23,20:23:45
77,313640830,57,1,vaog45tgavlu0j9bhu0jpv4ao7,8/26/23,20:42:13
78,313640830,58,1,vaog45tgavlu0j9bhu0jpv4ao7,8/26/23,20:42:17
79,262741439,59,1,n2rcqg84kfaajo6i5ksn8nm4nh,8/27/23,00:39:05
80,292823436,45,1,075bv1s1vqqlbvdn7o7d9qgtat,8/27/23,10:30:58
81,208604371,46,1,tv8ct4a0esnhbf6iveat5nvtbf,8/27/23,12:28:26
82,672159459,46,1,41vo8fmnm6sd4jsp49hjci7m8l,8/27/23,14:54:27
83,526115330,46,290,kjv8jd674u08pgh8ggvvue4tdf,8/27/23,16:25:21
84,190046650,60,1,q291miro9tuamv2jlaf8r2nhbu,8/28/23,14:52:25
85,286513136,63,3,h9k8nc4d54fjtv0d1p755uhvlj,8/28/23,15:15:20
86,3,57,1,1e7642k977b4igna20sse9ledm,8/28/23,21:24:39
87,408938920,64,1,fobo1nhm889odmoa5rp48u4v6f,8/29/23,00:41:18
88,526419420,57,1,oaqfn0m3sgea652a8tcnfusj6d,8/29/23,10:07:25
89,636382322,61,1,hgledsn8hp5r16bsj75pg1mc9e,8/29/23,11:11:35
90,738602511,64,1,hdji8mu27ufidfqjtf9m56jdam,8/29/23,20:17:29
91,552994116,58,1,7cnki594hu2breuedrcisa65q7,8/29/23,21:12:04
92,552994116,59,1,7cnki594hu2breuedrcisa65q7,8/29/23,21:12:09
94,144173739,57,1,tn76vu0v8g7bltmplni9a4da5n,8/29/23,23:06:55
95,761364841,59,1,7uga3ic0g4jvfjreo0nfj93uts,8/30/23,02:45:02
96,447572111,57,1,iuf46262e7or09rru75t43sdm8,8/30/23,18:30:30
97,722060242,60,1,m4ut94ai4dljhl4h0pgt88cgo3,8/30/23,20:59:40
98,393379859,57,1,0cflvqe6h6pvpfpnp6trev2u02,8/30/23,23:41:13
99,922135508,60,1,28ohugj59j57pri23nrv0rhcps,8/31/23,16:44:28
100,499047074,63,1,fts31h0d229ui1k5nnk02438jc,8/31/23,16:45:57
101,483243340,57,1,q4m95tvib175v1q22cvuhqi4gs,8/31/23,17:42:28
102,10,60,1,u9nslbethrdcetm8mmkdsp1e3e,9/1/23,00:33:28
103,134470079,57,1,jjhcr4liusgjisdrtn44e6rsnh,9/1/23,09:40:28
104,819455817,70,1,9n0ph18mu44d4hhedes4fp7bgt,9/1/23,09:54:12
105,497559956,58,1,51kb59j20mkkkabehli2s07jpl,9/1/23,11:12:37
106,634644517,58,1,cnbpes5jg0gstul1ced7qmsmgh,9/1/23,11:17:44
107,729320381,71,1,gdqsje2iaufu9icldmuu8ledva,9/1/23,12:20:02
108,10,60,1,0s8iagn7jev1lsfvmjvj94vs79,9/1/23,13:13:50
109,821226158,70,1,0kfomeqecqr3oikuo4oipe29m9,9/1/23,13:18:02
110,228586015,71,1,13fqcqioqvh1kumn0t0gfrp8fu,9/1/23,14:24:49
111,775435705,57,1,mtmqoeb5t3b4nvv9hfs49hjidt,9/1/23,14:53:46
112,937810100,60,1,s815sk74qfq05v7gmg5k5onmtt,9/1/23,17:07:30
113,16,71,1,s815sk74qfq05v7gmg5k5onmtt,9/1/23,17:10:18
114,16,70,1,s815sk74qfq05v7gmg5k5onmtt,9/1/23,17:10:22
115,811615479,62,1,rfe76g5ng4k93hjb7fqe9g7pem,9/1/23,18:59:52
118,17,57,1,9c223seprg72m5amefj861uk1r,9/1/23,23:28:03
119,796846542,63,1,7c1o9ja032qbt0oohoblkr4rk7,9/2/23,11:37:51
120,703136007,57,1,gost0jns3aiggmfk0e7vnggh5i,9/2/23,12:01:02
121,134595366,71,1,gmcbnfc6nkpi8n2t2a4va8grso,9/2/23,12:43:40
122,281067546,71,1,odb86ormq4a0258jvcgd9vjqeo,9/2/23,12:44:25
123,799580640,64,1,c9ctbjq785v13up8qdo5p4j8j4,9/2/23,13:31:45
124,384065824,71,1,cm3pis8vp5jeq0q3shrurgsvnu,9/2/23,14:24:55
125,384065824,73,1,cm3pis8vp5jeq0q3shrurgsvnu,9/2/23,14:27:27
126,625272319,71,1,an7tq2s1smavaf44jha8e73caa,9/2/23,14:27:49
127,379181950,72,1,89dul3ljlbdifql96ph67hgf1o,9/2/23,15:05:29
128,989422582,71,1,4hsggv4n2qc5to1vgphn0cjm95,9/2/23,15:16:46
129,10,61,1,ask24r9o15eua9d9s9dn4fp1oe,9/2/23,15:34:44
130,233372290,59,1,v8b9p5b0v0vpmke91cknpgc6e7,9/2/23,15:46:21
131,377781900,60,1,3hvmrlu3e552ll28a4q0rono8j,9/2/23,17:56:02
132,385365929,64,1,de0ogqisnh076uptp5p0qntrlj,9/2/23,19:28:33
133,625664158,59,1,i0m873cvf62od5stfsud1huuc6,9/2/23,20:28:52
136,19,64,1,b1roug37dgod60n945gi1cnjtj,9/2/23,23:25:47
137,914782445,73,1,1lfghch7l6ehuom8fk51c0l6uc,9/3/23,01:09:14
138,258784179,71,1,tbpbj59nr4tpu5dav7th6vfk6f,9/3/23,20:40:20
139,760593737,75,1,0450gbnmfp89ot76kfmcut2toc,9/4/23,11:14:22
140,830504570,61,1,5enplp8hgqrgduuvbcujv8m37n,9/4/23,11:36:44
141,592554061,75,1,4jljmn9dl73s2jrian3cfnmd2c,9/4/23,15:51:21
142,592554061,73,1,4jljmn9dl73s2jrian3cfnmd2c,9/4/23,15:51:49
143,418068795,61,1,loht75g5jt05h7gkorbhbih0be,9/4/23,17:35:13
144,400885582,69,1,6ukj97aleg4svfdfo587kh4s6m,9/4/23,19:02:35
145,421196088,63,1,hn2hvmjq3umatq996vja8kb03q,9/4/23,21:57:05
146,421196088,61,1,hn2hvmjq3umatq996vja8kb03q,9/4/23,21:57:43
147,320326410,70,1,54vc54dnad6n7bfp9r9srtalf7,9/5/23,11:08:51
148,643620503,75,1,5npd359dlsj64poldmqno33jpj,9/5/23,15:21:16
149,735674048,61,2,uhjvf8ggoij14651o4c7d9her8,9/5/23,17:18:16
150,830731682,64,1,2dqkei2uoe6etf84lpei46e29m,9/5/23,22:26:17
151,909796187,61,1,hbj4u8jl336tll6om9tmkvr2k4,9/5/23,22:48:53
152,438491643,63,1,4km0mu3vkd14gtq2p7htdf09uo,9/6/23,01:57:47
153,764501845,62,1,m54eihkf9asirc3ovs5g1ovaae,9/6/23,08:08:49
154,766596493,69,1,hu1bkmdi2u2i314291e99334sk,9/6/23,08:39:15
156,447827311,75,1,j4keo1h6pi49ialej90aujg23f,9/6/23,09:02:32
157,206465601,64,1,im7iqfhdubmu1qmd0pu1ioj0ss,9/6/23,12:43:38
158,418134043,70,1,570k11tq05a408v8aqjlar9l5c,9/6/23,17:01:14
159,724173833,75,1,qvuum17ln5riobj3klkrh2iofp,9/6/23,18:47:36
160,211423122,75,1,kadinmc1amj8ns1n9cqrto28fu,9/6/23,18:48:05
161,286251237,62,1,2h8m6dm0jgme03hen3sqpcd9pa,9/6/23,19:16:41
162,615600032,71,1,2eh5isclbf2fmru2oqqre60a8h,9/6/23,19:30:05
163,859318945,71,1,pj9o9b33naidp7ntlvf08je5nk,9/6/23,19:55:32
164,239175725,70,1,0clv5hf0fgsj3stchjasl5ag7v,9/6/23,22:49:41
165,359074243,71,1,p37fgdp50gcb5v2oeoq1f3qfq5,9/6/23,23:24:33
166,5,48,1,auq7jdcfai9qn9001ii4sv2ljr,9/6/23,23:48:02
167,786883559,62,1,01mjsp0feotuvurdr8kg27dhak,9/7/23,00:44:55
168,486858613,70,1,ilt0jcvs3q50clm945aqf5cgml,9/7/23,01:07:30
169,175743204,62,1,mti09il4r5ft16ve7ut7djs07d,9/7/23,01:15:41
170,740211392,71,1,0ll1qrra4tofunbh0fqecp2m27,9/7/23,08:39:22
171,620079897,71,1,fdaoeoidopfsc8eosnt8d4j5bu,9/7/23,09:14:13
172,343427116,75,1,qrkfjisghs4s31nf6aj6ebqgfj,9/7/23,13:57:32
173,608101381,64,1,i5d3f2qkdnkmauvmcnnbihts9p,9/7/23,16:13:09
174,786232758,75,1,c39ncampban6fq62gelpbbo4ho,9/7/23,16:17:38
175,213117823,75,1,thnpb0ce28f11f60lgnelt8mch,9/7/23,16:19:08
176,631122885,64,1,1chlc5jcjlo411e6r7b2ikdjf0,9/7/23,16:21:11
177,298520445,75,1,ntp8vnehio5r1r30drubgt66kp,9/7/23,17:11:29
178,575693051,64,1,kpd6trcm6pql4con7bfmfdjnqp,9/7/23,17:15:12
179,993122938,69,1,uotjp5p76j8g4s8migjircno8h,9/7/23,21:50:26
180,822021651,63,1,aru4ptjpcmopr0nhek8n96g4ul,9/8/23,14:30:49
181,655464677,62,1,tcon4i8rtk1n2ja395fqmgebr7,9/8/23,18:38:21
182,846352335,72,1,3c19objmvvt95nok4v9gduvfps,9/8/23,19:31:02
183,343538693,71,1,hdo22av5aogqjjdnjho490ihnv,9/8/23,21:49:15
184,445135714,64,1,o64j5p1ikm6ti11mdi1rub6gk7,9/9/23,01:44:52
185,445135714,63,1,o64j5p1ikm6ti11mdi1rub6gk7,9/9/23,01:44:55
187,711827799,64,1,5oe6dsnj84s3hj5lamap2ddd79,9/9/23,10:20:53
188,430789491,62,1,d3b614e35lom4d5l1rng710hqo,9/9/23,11:00:56
189,947171977,71,1,6ctvkpfseic9log1ocbhqumlp3,9/9/23,12:16:38
190,192507190,64,1,7463kh5q8155kgmtctb9nst21t,9/9/23,12:40:47
191,873147559,64,1,t335gbmutf67gj1hpi11omu69b,9/9/23,14:07:08
192,392368128,64,1,pealg94o4hoostfgqf2mlc47n3,9/9/23,15:04:40
193,119019454,63,1,cbhahia2kbot89m52jppoq8j4n,9/9/23,15:19:45
194,530445823,63,1,a82d9hqs4epbcrigb31vbjc00s,9/9/23,17:44:52
195,10,63,1,9muf65jo5dibi7bpr20a3tmcpg,9/9/23,20:05:50
196,220628350,64,1,fltp3d1r1qhp6hpm05rr365v1c,9/9/23,21:28:56
197,517570459,64,2,hitk9k9lfflmkuspaqafa6el37,9/9/23,21:33:18
198,265466572,74,1,hcolhudns78vuh9gk6equ6rg2d,9/9/23,22:54:02
199,871448688,74,1,og4t5al8fr73vfi4bn3sbvn9ai,9/10/23,00:55:46
200,631770302,63,1,ssg4rnuvusdfhumik3jvno0trr,9/10/23,02:32:36
202,721225462,64,1,6uma0pctb204236uccbipj7ijm,9/10/23,10:22:46
203,23,63,1,f6of34uk7p7v8oohqhvs28l7ja,9/10/23,13:26:36
204,475528264,63,1,92ri163b1bl20e9rg65lc242il,9/10/23,13:59:38
205,387286852,63,1,blj9r4rcio6gjsicp7vjifrdi8,9/10/23,14:38:49
206,842847723,74,1,qn7f42qa5m06caqj7ps6a8ulpf,9/10/23,14:46:26
207,273457338,76,1,fd73mt3rd9a7kljft8o5pjvuj0,9/10/23,14:52:29
208,519012231,71,1,i96blbronsiocqu8h3l0bsvgcu,9/10/23,15:17:18
209,593436115,63,1,ep19oq1ndu9dpo3hklvtac2e4k,9/10/23,15:29:21
210,123740470,48,1,gm1c1jen5ldt0takee6k46ngd5,9/10/23,18:30:21
211,470042459,71,1,pvs0sm2rfuphf52qobod7mfooo,9/10/23,21:34:32
212,320100662,73,1,b5vlimook1fum6kjfsgj28kt5r,9/10/23,22:34:13
213,854543731,70,1,tbdjts1o8p65ek4835acat0po8,9/11/23,15:22:02
214,786242047,70,1,qvpci52ri1ilreu575ae9c5ogp,9/11/23,15:41:36
215,612295584,71,1,nl9f4ho0lenv1bfoshg00acq9h,9/11/23,16:02:31
216,612295584,70,1,nl9f4ho0lenv1bfoshg00acq9h,9/11/23,16:02:33
217,931572252,80,1,8b9jna0u42bukr5f62l0epmiqg,9/11/23,17:01:26
218,520666082,72,1,orfflcptiins8865v4re99rjek,9/11/23,19:40:21
219,104888081,72,1,8b0imt9hs79qr7iqhivbvcvqh7,9/11/23,19:42:16
220,900457583,80,1,ei6tgnflh5679mgn90abenbs9g,9/11/23,20:45:04
221,925960375,71,1,sdj53ft7evbucn6llih6r3il6d,9/12/23,04:17:54
222,692411769,78,1,8k5t4orn4hvv1r65ehb9gjt904,9/12/23,12:36:37
223,429925096,78,2,qnsdjo0ffruu2a08cqonmoq9pv,9/12/23,15:22:23
224,20,71,1,pfpf7qodfgbftn75suejfb2m5n,9/12/23,15:35:25
225,20,70,1,pfpf7qodfgbftn75suejfb2m5n,9/12/23,15:35:27
226,697427354,71,1,0opj4vg373tue8i1j8dvm94itb,9/12/23,15:49:39
227,697427354,70,1,0opj4vg373tue8i1j8dvm94itb,9/12/23,15:49:42
228,560373509,72,1,o19uvuhb7ud1j1d3q4hf1b1sqe,9/12/23,18:00:50
229,730618082,73,1,4jq4a1k5kusnebtrn3menud3df,9/12/23,19:49:53
230,900080148,73,1,cvcllrfr8mj4ptcsqebf1iuhou,9/12/23,19:50:47
231,361102489,70,1,206sg1crtct53q7p90v0dooj4f,9/12/23,20:45:34
232,210981380,78,1,eb861rv71o2khhffpg3tesel4a,9/12/23,21:40:09
233,516395960,79,1,rlk0qo8s8o3crqls93dk463dnd,9/12/23,21:41:09
234,516395960,80,1,rlk0qo8s8o3crqls93dk463dnd,9/12/23,21:41:15
235,587016866,78,1,16abddr5h9cmefscduosl0tf3j,9/12/23,22:12:44
236,189754534,70,1,apdti8rq7tlp35v01fkvdn8ipo,9/12/23,22:18:34
237,510153900,71,1,639smsp1kjsbj5mindkdo3upsu,9/13/23,14:08:35
238,465042151,71,1,338f1dtnkqgfj303vb0qf4kcl1,9/13/23,18:45:44
239,465042151,70,1,338f1dtnkqgfj303vb0qf4kcl1,9/13/23,18:45:45
240,465042151,80,1,338f1dtnkqgfj303vb0qf4kcl1,9/13/23,18:46:03
241,512676472,78,1,4tsmn6vonnpa5sekhfu1vhi4hf,9/13/23,19:44:59
242,569894131,73,1,6du27u87bg818r3rqak67l56o1,9/13/23,20:52:14
243,882099449,74,1,o8sunshldgqq38kp0ibmnn8ru2,9/13/23,22:20:11
244,751247046,80,1,0aamu6e4k7hl8lpqiidqnk7t0n,9/14/23,07:32:23
245,884891548,70,1,0k1iesv0u57kml9hko09f1pkln,9/14/23,18:33:50
246,868682456,71,1,vjsjfg4br10b74mkr6uq2qmp8n,9/14/23,21:25:39
247,238168071,78,1,imnghkm8j1dmev2hjvr4p4qb7q,9/14/23,22:03:54
248,654210735,78,1,2am1p8cpquh162ssu4g3hv3c2f,9/14/23,23:16:48
249,949067998,71,1,isaqo2d6iu4bb26a32lah4qcup,9/15/23,03:14:31
250,949067998,70,1,isaqo2d6iu4bb26a32lah4qcup,9/15/23,03:14:32
251,516447288,74,2,5cohd9avj29tc92l0ane7g90vk,9/15/23,16:10:17
252,661035136,74,2,9o8jqnii967h67hdg28rvf6pru,9/15/23,16:17:21
253,13,84,1,9s1764i9t4eqnpt4cqm7husk3q,9/15/23,22:03:17
254,265965363,74,1,6uqj4fpl9si4qutkm2stp9el2m,9/15/23,23:08:48
255,864499246,74,1,gi6ih5qcrd4aetrghabuanhl08,9/16/23,09:39:24
256,258846499,79,1,te0inma9kiuli6vt4ld18je9nf,9/16/23,11:12:22
257,266287251,84,1,ieugqfh979jb8lk15ia174o3ak,9/16/23,13:59:18
258,266287251,71,1,ieugqfh979jb8lk15ia174o3ak,9/16/23,13:59:24
259,727387773,81,1,r7gcri2lullenq0711tu43va8p,9/16/23,16:36:24
260,923242582,71,1,54ttsrkls7ndg0enrmlhgdf06e,9/16/23,17:17:32
261,150497726,70,1,b5eoin7lba6mnc2hug1cqigpvp,9/16/23,17:18:13
262,238007463,70,1,fuht9rq365f9dffqeo6ktu0m4o,9/16/23,18:51:07
263,161918050,70,1,lej0eedcepoujnqne7l0cll1lr,9/16/23,18:52:08
264,247723126,71,1,1dlm5pf6hcutolm4fv253argrq,9/16/23,19:58:16
265,699440958,71,1,j4v6psij6qep07mescrp9iggph,9/16/23,20:25:14
266,991166119,70,1,cgsk7ib4e1u9psg55i2rr5ai8p,9/16/23,21:51:32
267,991166119,78,1,cgsk7ib4e1u9psg55i2rr5ai8p,9/16/23,21:52:10
268,498805726,71,1,n23htceng6jgmip3v95v5es2lh,9/16/23,22:57:04
269,176251790,71,1,nf6kbrue4h586905j3r7b4o071,9/16/23,23:20:28
270,374969587,78,1,9sbe23si1si7gsa4meuo1oa2v2,9/17/23,00:02:04
271,269763253,71,1,jgu6a6lce7ac19lggta4avfr28,9/17/23,02:25:28
272,516395960,83,1,u3qril264qp6ugdctvr6p5lboi,9/17/23,09:49:24
274,257608132,71,1,pi2mbrk7mi2nqhk8rdil42qt2o,9/17/23,11:01:03
275,859318945,71,1,hciguk0uicfipf5ho5lv7feut2,9/17/23,11:01:54
276,230500835,71,1,f1cmhdgqhq9dpjtcuellpdhjn8,9/17/23,11:08:33
277,833932730,70,1,ar5e94qieapb7t4crmahlaafpv,9/17/23,11:43:37
278,558647440,71,1,a704a9npn2cm9a11bh7fufua7b,9/17/23,12:09:45
279,669554548,70,1,t60vuqorjgj2eb98lasai8hm7t,9/17/23,12:10:23
280,882122243,71,1,7opt4pbh9hv2snc5m5t2ej8st0,9/17/23,12:23:52
281,111998015,70,1,kta6mohfs8v8kb0a5i6ag20ooc,9/17/23,13:09:05
282,638744739,70,1,76qj652n7ekc930kbg1kralp22,9/17/23,14:55:44
283,849863097,81,1,qvgat1r094clphthn8slqnck33,9/18/23,00:33:47
284,208175987,78,1,ha1kc55shnsne4gfagsh4981er,9/18/23,00:45:48
285,599044111,78,1,lfvunhvfbdmecdhcg72el68jh8,9/18/23,16:42:49
286,635525147,78,1,uo8u0soceen477noa18fsll292,9/18/23,17:51:34
287,565027017,77,1,4lbv1354iia17sejdovr960spe,9/18/23,19:12:19
288,572467145,78,1,0e8e3n6hlkhehtn7eqna0r5q0g,9/18/23,19:40:47
289,278245026,78,1,basbhmana380pema1ggrf57v6v,9/18/23,19:42:11
290,727911086,84,1,g7s5dtbs6n3lsq6jn110pb728k,9/18/23,19:57:54
291,369161589,84,1,t4igbqn23r1k4n5klvaq9oi915,9/18/23,22:23:20
292,684766936,76,1,n27a2jvlq8cj66go8b2r2gctvk,9/18/23,22:58:37
293,253879060,83,1,vivlsgm85d4ug1flinnn0q4953,9/18/23,23:42:59
294,862607092,78,1,4etsohqs9cb6p1g2pspt33miq2,9/19/23,08:04:25
295,420229013,78,1,b3hbtkieilfp6b8kqkvikuk68t,9/19/23,10:55:21
296,139814257,78,1,88qkcojgg3lb4u3qqrkfavj4ru,9/19/23,11:02:40
297,979670628,83,1,m7759j29n76p694b1p60h7ebvu,9/19/23,13:15:37
298,772474283,76,1,3a5igh0nhv3d2urk3vbnlm5aod,9/19/23,13:20:53
299,109704792,81,1,bu1kkadgl5ietbh8k98di4h52e,9/19/23,14:03:00
300,430200312,81,1,8t8hl9eb10d3spndr0ui67cah6,9/19/23,15:02:12
301,350018818,83,1,7gfd7s175ovq1onssem7vps0iq,9/19/23,18:57:58
302,132243361,81,1,5ul5dnp267guelpc29hi8dj64f,9/19/23,19:21:49
303,156273303,78,1,s5s7sje8imircnsno13eu1svqn,9/19/23,19:35:56
304,810609076,79,1,eohpkh7sgoroej982hblbkgcmj,9/19/23,20:19:57
305,344597460,83,1,f5br4j1obf817cdu1krads4fbr,9/19/23,21:23:10
306,165192003,83,1,efepjn2712o1n5nufa7ik1n4iu,9/19/23,21:55:51
307,160956502,78,2,74fluofp62trn7o9ghuc4fs80t,9/19/23,22:10:49
308,730407977,76,1,5fou06mqdi3ta7g5hhcok92ntv,9/19/23,23:02:03
309,344618162,78,1,1spv8noqgj1m30v62e756fcnki,9/19/23,23:21:30
310,599471353,76,1,h3fg8pv7i3omqqqdtrtkm726r1,9/20/23,01:16:50
311,328983256,77,1,54igqf5hdallbt2f87c90ihtkk,9/20/23,09:54:51
312,409800924,81,1,cqon1gta0pb8nj1b1fp6rgar8p,9/20/23,12:48:03
313,124087463,78,1,7mnq0kdfelsomlb1mvfp4cb8u0,9/20/23,12:48:59
314,124087463,78,1,5j8s7ottgpb1i293g92pj278bk,9/20/23,12:52:21
315,363263324,78,1,ksvidvc7pqhthpg7mmcvid417h,9/20/23,15:25:51
316,750192160,83,1,mr8qfdas8sdqa253tv0cj40jgm,9/20/23,19:31:27
317,398676045,78,1,mkf7qnhvnaaq7lfbckvekieekt,9/20/23,20:05:56
318,751634528,79,1,b2q7imu69knuch6rvh1v9r1hbm,9/20/23,22:08:00
319,770223110,81,2,kri9qt30dkcb07ldm80aikvhpa,9/21/23,12:30:51
320,573835268,81,1,7h2e9pfpaatecp14j6sahlpin4,9/21/23,15:52:17
321,882592557,81,1,9tbphheqcb1gk429mgjl63g9oe,9/21/23,17:08:27
323,178770713,77,1,1nsrlurrlk57ak99ufeaimm2rv,9/21/23,17:56:24
324,365295946,81,1,ru4jq2ffjtso7ocf457sh2jnh8,9/21/23,19:06:40
325,441815562,78,1,ujh37nj2mstgt102lci1s1v18o,9/21/23,20:25:30
326,23,78,1,m0p2o2q32gfvn2f52iibcl78qo,9/21/23,21:11:24
327,251100589,79,1,g7htejr64ut4aid5511cvh1264,9/21/23,22:55:07
328,368881876,78,1,6pgu276dvd9stpkoip3qca7tj7,9/22/23,07:47:37
329,347513279,78,2,4kj40oau7snmklh42jeaoft94q,9/22/23,08:18:11
330,118798747,77,1,madhu9ueua3j7scitij890i0e7,9/22/23,08:56:57
331,118798747,78,1,madhu9ueua3j7scitij890i0e7,9/22/23,08:57:00
332,341890593,78,1,huhrslto2j93d0n99t3v86sfj6,9/22/23,09:01:20
333,482352304,78,1,jm5t6t4nifbrn7nt9n4jjiab2g,9/22/23,10:47:58
334,548773014,78,1,dk0hkq2vr5nfrot53g6bib6bob,9/22/23,11:12:48
335,760629963,82,1,0runv3sqht7fjrv96uf2ltdubs,9/22/23,11:13:20
336,533917042,77,1,inokvoruv8oks7t0r301110cg1,9/22/23,13:19:27
337,974090355,83,1,5og2q51289hbm308t4on00mlf7,9/22/23,15:30:09
338,397383524,78,1,r2qqeq81s5v5kts67046868p95,9/22/23,15:33:51
340,471350170,77,1,6340ue1v7cjb30jvf1ch80783p,9/22/23,17:48:19
341,796041099,78,1,9r7q94mpecit5uk7m4fv9eci7h,9/22/23,17:52:38
342,393921843,82,1,uos77ve8j2b70itr098gmtruvj,9/22/23,19:07:04
343,552402275,79,1,ut672kf7hc5ur305q3uj3598uj,9/22/23,19:21:34
344,551187011,79,1,vm6pcmd8f7rae6en2kb0mhk6ai,9/22/23,19:24:40
345,817348617,79,1,f0rvpapiauus536l42hguenv4v,9/22/23,21:05:08
346,549873972,79,1,rhlkp67iqhrci3qa96063v2634,9/22/23,21:43:40
347,134876857,78,1,ub055kr16rp92n4k4q0p0vfa4v,9/23/23,11:08:26
348,624399956,77,1,97bm4b5etsi53jg9gdcufb957c,9/23/23,11:40:40
349,602905812,79,1,a2juelh2n0mteudt8e3icdbvor,9/23/23,15:25:12
350,441910636,83,1,vud7350jbh8nmukmg92r9ke6t2,9/23/23,15:59:41
352,795583256,83,1,5ss0j8da738n6io7dlm7vtnbah,9/23/23,20:49:05
353,283720525,83,1,t8og59tga9mv11tkkmsoo30v0v,9/23/23,21:07:35
354,804926678,79,1,2caao7pqifehdnclcghsitn5dn,9/23/23,23:27:16
355,768817362,79,1,vvf5qsr58hulk2k663lk9614rs,9/24/23,09:56:00
356,665822427,84,1,npeg3b2d2j84q094ddcv0kifve,9/24/23,11:52:20
357,775218937,84,1,2v7qngg457983icu6ed7fa8i9l,9/24/23,21:28:29
358,318914205,85,1,0189bho4ie97tknt264i78ahne,9/25/23,01:05:33
359,858071499,85,1,7m2crsocgmpl7sf11hjphhi3lg,9/25/23,21:31:38
360,221871360,85,1,5frohg55bi69od8hf3f1fpsabi,9/26/23,08:38:49
361,420527548,84,1,mqn03u4gec4jv0l0p22up0rcqr,9/26/23,10:21:49
362,661483261,85,1,ahd4qb5fdpqmodock45qt7brj0,9/26/23,14:34:01
363,515526703,85,1,jq79360ulbl5d1jqe50lgr6k6t,9/26/23,18:57:59
364,939553520,85,1,5nrdq8ea89l4p55qchckdvsm0c,9/26/23,19:52:09
365,34,84,1,64i0dc10v72ktf39tbvccbu1fi,9/26/23,23:38:32
366,157663181,85,1,gj3b5m2qsr3b9cue7p2l86j9k8,9/27/23,00:35:38
367,573163372,85,1,emja8o9nl9cprkeotktnjjfd0e,9/27/23,04:44:40
368,938312496,85,1,hpii6hu5cqm4h5jsolph0gn0ec,9/27/23,05:13:12
369,663242510,85,1,pjlnjdru96kbj750tphm6vu5ci,9/27/23,09:30:00
370,155756498,84,1,tbgtj32rrqq2ho2hu9kofqgl68,9/27/23,15:14:48
371,155756498,86,1,tbgtj32rrqq2ho2hu9kofqgl68,9/27/23,15:14:54
372,314492611,90,1,senepsmi608kmq3dbaa189968a,9/27/23,15:15:50
373,926919864,86,1,60plpgiriel8j4q254c2ou5vum,9/27/23,15:35:30
374,730279839,86,1,a12flqtvape9e3gvujmpnu8b6k,9/27/23,16:08:15
375,215705649,86,1,eni5ce1kaog8uq1m6nad9svjlh,9/27/23,17:44:04
376,915202674,86,1,negg08upv0ggi467o738d9l41l,9/27/23,17:45:29
377,296934759,85,1,ovdr8pjj79pfn3g4qf4dpag2im,9/27/23,18:42:31
378,363000256,48,1,uf6rr9h1gvr7581un2ce2bqvfc,9/27/23,19:18:22
379,939029701,86,1,8jvg0eg2tglb3gju52bkfo09eu,9/27/23,20:28:49
380,810641833,89,1,bslfrjvusa5emto6jcct6d96so,9/27/23,22:43:21
381,672383710,88,1,i4d4535282lqv7hs9h7sr57s2n,9/28/23,01:04:39
382,672383710,92,1,i4d4535282lqv7hs9h7sr57s2n,9/28/23,01:05:39
383,353081014,88,1,9aupdsg91ns02v4jm1it7c0159,9/28/23,01:10:09
384,353081014,92,1,no7jdb395k7tgkh1vudt9eda6g,9/28/23,01:20:36
385,37,86,1,7eu8s9oumngemdudm7fb8ehgan,9/28/23,02:40:47
386,551100587,89,1,4n4j61bk24sesoltgb4onokr5c,9/28/23,07:36:57
387,503737978,87,1,hsesmpeam4ip3namoqrd3664u8,9/28/23,07:37:45
388,660239387,90,1,5kfq141uvu0vnagbhqicqrojpc,9/28/23,08:25:57
389,360936625,86,1,gjitbm79kotaua1a0ul58uccl0,9/28/23,11:39:28
390,298958198,87,1,euil35r37r50t087vc3ike8drs,9/28/23,11:52:20
391,551441742,84,1,vl17e6k95bjp7p37r38e9gj4pg,9/28/23,15:03:52
392,551441742,86,1,vl17e6k95bjp7p37r38e9gj4pg,9/28/23,15:03:57
393,296915456,87,1,mle33n82c2oomi1cd2dch9m25c,9/28/23,20:37:14
394,852261637,93,1,e5rgjdd4aa7psldp9hv33cvm8m,9/28/23,21:14:46
395,116903177,88,1,86oqvafdgpmjvidtlhr309uv2o,9/28/23,23:22:07
396,38,88,1,p1jeqreuuta0gn19631bjgim5v,9/28/23,23:25:24
397,949349525,89,1,c711qphn7s8t66ph7hn1ucm2d0,9/29/23,04:41:52
398,650579550,87,1,4kkm4l77k5arau7rsakl97bhpv,9/29/23,15:03:08
399,943699976,93,1,5ejn519godk25p4pgfe5m1l0ga,9/29/23,16:21:26
400,110224487,87,1,ffobiata37kafm0n2km09bm8mf,9/29/23,21:31:44
401,238406954,87,1,4tbk3105ji4mdvldvgiogfebbi,9/30/23,01:04:50
402,960365743,80,1,bd6usdonc5d2k2tpd46rev3e75,9/30/23,09:24:37
403,32,80,1,vsigrups1o0kje0plt2lmojkah,9/30/23,09:30:00
404,964612694,89,1,i7o88mbeeg3hmn9oe4jk47abof,9/30/23,10:50:32
405,38,88,1,rbj441f4ck3r41jb5psir71nko,9/30/23,13:33:46
406,983754646,84,1,0ii4vr0td1qb51vo6el2ebmq00,9/30/23,14:03:46
407,882789305,84,1,t16jn7td613j6echjctoqo28ic,9/30/23,14:04:31
408,804254131,86,1,sfp0irk9a7vf1f8elp44f5ltd2,9/30/23,15:26:07
409,841149229,90,1,m1ifbom50e7vk8794hhe7cqclv,9/30/23,16:15:32
410,158135975,86,1,ugfodvc4uajv7l49ugigs67o1t,9/30/23,21:46:32
411,814815634,86,1,qrfi0negeibvo1b00ac0bfholr,9/30/23,22:51:56
412,766083830,87,1,mdpralk9lceq9qbmglh34uobp0,10/1/23,00:41:03
413,579050258,87,1,ie54aif3tfotuagpa83uln8qcn,10/1/23,00:41:56
416,283720525,93,1,oeqqev3lovaqe1v1e14qq3l89r,10/1/23,13:05:06
417,746111082,87,1,k52p0k45i8elqjap3maqj0mo5e,10/1/23,15:02:12
418,167765469,87,1,a8fesenfnig82uhcopkt7d8ktg,10/1/23,15:03:08
419,673282321,87,1,1jpppchu38c1rjj5dcguut6k16,10/1/23,15:16:28
420,178284826,89,1,4v0fh9ha58booc2ici7qt90vgt,10/1/23,17:49:40
421,41,48,1,4v0fh9ha58booc2ici7qt90vgt,10/1/23,17:59:08
423,856633928,94,1,cdphv1m95cesj685tlu1faeu63,10/1/23,23:43:59
424,141768209,94,1,99iv6qkdks0ln9bg9f1lu2epbm,10/1/23,23:48:15
425,213379301,93,1,od2c3rj3v0o33brvlterq407nu,10/2/23,12:22:54
426,695848432,94,1,el207jmnvujq7auggl5edsm2vc,10/2/23,12:24:40
427,213379301,96,1,od2c3rj3v0o33brvlterq407nu,10/2/23,12:26:10
428,800602161,90,1,tnjhuo0j4l8jkv9mvqjvu7pk43,10/2/23,14:54:25
429,963918446,94,1,iv986jldqd5u007h4lf4iamqc9,10/2/23,16:24:03
430,345773197,95,1,3o0qd5674cts2caa2as5133o3t,10/2/23,16:33:24
431,734119012,92,1,vrit9hmsrs164q58j4j9cthdb9,10/2/23,17:31:15
432,773366309,95,1,h2a47rd8apr14g8ffoq2p7tb2c,10/2/23,17:57:46
433,773366309,103,1,h2a47rd8apr14g8ffoq2p7tb2c,10/2/23,17:59:15
434,356073450,93,1,j60heqfpp6pr0a062o6c81ub2c,10/2/23,19:38:07
435,812751345,97,1,0ebsa2upund3ptqqsvpj0ej2rp,10/2/23,20:23:01
436,421753603,88,1,dob498pdrmcf87ho9ld8ean8s5,10/2/23,20:33:32
437,317742111,89,1,oge8htem2rej9ed73sgjklr966,10/2/23,21:37:10
438,428906020,99,1,jf5thfp9i6nn6niokjpt9t96h1,10/2/23,22:10:05
439,509321877,97,1,5jqgbe8vt52lh8h7qkgershblf,10/2/23,22:50:25
440,775729580,97,1,h22goe8lcmli0399mqo1o4jakf,10/2/23,22:51:09
441,567341933,94,1,reejmbav6a2ig45f1ssghsp4fs,10/2/23,22:52:50
443,958746065,99,1,8n8shujj0hfc9v757q575vii1h,10/3/23,09:12:01
444,378375794,92,1,1fke6kkmh1d16ipq1riio6f4k0,10/3/23,20:07:25
445,756174108,93,1,d6fqk19a2g8l71hl5sq94qs55u,10/3/23,20:31:21
446,756174108,92,1,d6fqk19a2g8l71hl5sq94qs55u,10/3/23,20:31:25
447,730741296,95,1,pvfdj0n4pjnf94hq5t7hpkpnat,10/3/23,22:10:29
449,304639670,91,1,5ofinv5n237vl8ft6vm9ot1v9n,10/4/23,01:11:21
450,304639670,97,1,5ofinv5n237vl8ft6vm9ot1v9n,10/4/23,01:12:32
451,422223742,91,1,garaeg6ni5eah08ucjetvfma42,10/4/23,01:19:25
452,203377195,90,1,o526ss2ne7b2aeoj5m0rj4947u,10/4/23,11:13:47
453,424942991,99,1,jf63vd5fli9ldnfer8oh6re662,10/4/23,11:31:38
454,424942991,97,1,jf63vd5fli9ldnfer8oh6re662,10/4/23,11:31:49
455,624282504,93,2,fka9q092kb2lont2aink21o5hi,10/4/23,11:58:51
456,341174582,99,1,g52dqluhpikcq67g7co3a36ob2,10/4/23,12:04:36
457,341174582,98,1,g52dqluhpikcq67g7co3a36ob2,10/4/23,12:04:46
458,254098963,97,1,9l8elf855i74tujo2tat211sha,10/4/23,12:12:59
459,800640188,97,1,i36cffn8esqk1qeg3667ptocid,10/4/23,14:36:34
460,800640188,98,1,i36cffn8esqk1qeg3667ptocid,10/4/23,14:36:47
461,257064983,95,1,ptd0tla7mktbonlfsq5jci62kc,10/4/23,20:17:36
462,660212841,89,1,n3f5n7u3m6r8vr8h2v427dgj7h,10/4/23,21:16:04
463,660212841,90,1,n3f5n7u3m6r8vr8h2v427dgj7h,10/4/23,21:16:11
464,921911966,93,1,jhp909v4lt4hso7ea0tgh768d9,10/4/23,22:09:21
465,921911966,94,1,jhp909v4lt4hso7ea0tgh768d9,10/4/23,22:09:29
466,822989414,98,1,d6g8arrkegr543lsf06mr72fqe,10/4/23,22:15:16
467,822989414,93,1,d6g8arrkegr543lsf06mr72fqe,10/4/23,22:17:11
468,329517950,99,1,el40k0avfhd0or4fr4krcmpqbd,10/5/23,10:22:14
469,920496630,95,1,c347nkvabehni8qcauosjan998,10/5/23,11:14:56
470,458010572,95,1,avgl9e2f5ji3u0kh87t8gcfva3,10/5/23,14:26:13
471,17,48,1,h9hno1gn1c0pbvdb1nivq9rs6b,10/5/23,15:22:05
472,922808997,95,1,omo9t80sjvfpsda3svto3sl1t2,10/5/23,15:58:06
473,125819955,95,1,gcrp9djsin107k7tpnued59nld,10/5/23,18:25:50
474,199307630,95,1,c69qtkv0khdjir8b4j3r3th376,10/5/23,19:11:44
475,221579218,95,1,3tuhpm1e6tjldtrqnta1510n6k,10/5/23,19:35:04
476,497262537,94,2,76qj652n7ekc930kbg1kralp22,10/5/23,19:46:35
477,45,94,1,po3ias3oqevbgpvgjhnn8m4j3g,10/5/23,19:52:41
478,190433422,97,1,04682pl7ok8gv21vrm9k7iqiq6,10/5/23,21:40:20
479,684550684,94,1,ula8be6s7f8pv5qibju7kd33a2,10/5/23,22:52:41
480,501353898,94,1,ded168ggeb08vaje7rro91mgi5,10/5/23,23:28:02
481,38,48,1,c0bmdeblq9737kfs0i9jv8ntjv,10/6/23,00:32:38
482,813799890,93,1,rrsl5digd77gbm8cvt1rpkrq6i,10/6/23,02:02:47
483,222570735,89,1,tcvspbl0on4snrmv2vljqkok3t,10/6/23,10:16:48
484,103963097,90,1,cvebve28hg36bt3et13o39jpp0,10/6/23,11:19:20
485,365279985,96,1,j5n9k6hpkigvrbn53oim7dggc5,10/6/23,16:30:57
486,676776191,92,1,291lfo93l426ucrp91tit9mnsu,10/6/23,17:22:56
487,980586791,48,1,efd1j41fs7sptq2i8kq9d9rglu,10/6/23,19:20:45
488,378737168,103,2,fflkamg37uk37b83a5fpbt33jq,10/6/23,19:49:20
489,733994306,94,1,q8a9unifc3gs0vrfv5gto0jrta,10/6/23,22:34:29
490,535416237,93,1,svn2ddm01o9d0daejmm1jk86cr,10/7/23,10:15:03
491,665210048,90,1,7l84qtrrlpu8m31sruj1bo4lai,10/7/23,11:35:46
492,701377381,92,1,rbqs589mogpn5681o0b7btr1mo,10/7/23,19:00:26
493,138459832,99,1,j1ndi6njppaviq8inmqom7ob7b,10/7/23,20:14:57
494,671263227,93,1,go3dk9m2f1fu29038gnon40881,10/7/23,21:51:47
495,863924244,92,1,pgki3j4h53ouq1qrgmb07i5591,10/7/23,23:04:57
496,291168000,92,7,dd9u11em0ds2n570gfl9bgl766,10/8/23,02:50:13
497,377518031,92,1,auq4psi2rfgrsao727sqhsmgts,10/8/23,02:54:21
498,993586199,92,1,dv7b71ulg2io8ldbhhnpum80un,10/8/23,09:32:04
499,800439656,92,1,mh9noitrn4av5o16llipv5abkl,10/8/23,09:38:15
500,251044296,93,1,0v3f0hs72tgo5ot22025aai5de,10/8/23,13:00:16
501,856457018,92,1,q0slchapgh1d7fs1mfjchgutj3,10/8/23,13:05:07
502,898885246,92,1,5qub32hmqepao38g2sbkbfdb2g,10/8/23,13:49:43
503,793779647,99,1,j98lrbd6hk6q5ae43mt66dnaeq,10/8/23,14:05:15
504,317659611,92,1,0va4gd2ffhl89e381u8uu8l3gu,10/8/23,14:06:00
505,806172419,92,1,aeq6jst7gmd7hkpkv3aetuum88,10/8/23,15:17:04
508,51,94,1,jq2pitfj1vr57ud54hiku4gpjr,10/8/23,18:11:21
510,233372290,99,1,0eidr3n46rtvadamvrp6mk9gsh,10/8/23,18:19:06
512,963353524,98,1,j95h8qrh3p6p0di8a11m7ufeak,10/8/23,20:17:37
513,963353524,112,1,j95h8qrh3p6p0di8a11m7ufeak,10/8/23,20:17:58
514,926132202,105,1,7uqipn2h98nh6tqcfl9gnpg4bj,10/8/23,20:53:35
515,682246469,103,1,lm0bvvkcabp0tvvahadd3b54u8,10/8/23,21:33:56
516,293409855,91,1,so96kji106b5f7dt43unqrpgvv,10/8/23,22:53:26
517,899772608,111,1,q1qtd205uk79hthvlv0j1so7bc,10/8/23,23:10:17
518,430159144,108,1,q03cgtiv7id9gd0u0l8f4tej9e,10/8/23,23:11:17
519,523271663,100,1,odh82qn308n84ni2paqjbn0ed6,10/8/23,23:27:26
520,499542402,100,1,5sdjnattrc54l6381n9s2kmems,10/8/23,23:28:02
521,921024744,107,1,i7m3lql4rqj9tbslj2vq44hr5g,10/9/23,01:40:29
522,921024744,109,1,i7m3lql4rqj9tbslj2vq44hr5g,10/9/23,01:41:41
523,845884599,97,1,9pm7cj6f1t9ni7sc3v9r6fs1k6,10/9/23,09:47:54
524,440345968,111,1,14brr1m4n3ie9p4hra8an1sdvb,10/9/23,10:26:31
525,440345968,105,1,14brr1m4n3ie9p4hra8an1sdvb,10/9/23,10:27:11
526,363218832,105,1,dk869bmp56hsncfgc9i6nigo08,10/9/23,10:28:39
527,7,111,1,f1ps2rnc283o66ov91rki8k58p,10/9/23,10:31:43
528,7,105,1,f1ps2rnc283o66ov91rki8k58p,10/9/23,10:31:50
529,750932736,107,1,tdnkk2vil7plq5echbc4fqfvq0,10/9/23,13:34:47
530,751434031,99,1,4h66lcb11eg93gai544vu1d258,10/9/23,18:34:08
531,595552292,98,1,oaqeco7a6s6q950v4ht5emhibv,10/9/23,20:49:24
532,53,99,1,51fknq2s402ql7ldpr4qt2v7pm,10/9/23,21:29:53
533,53,109,1,51fknq2s402ql7ldpr4qt2v7pm,10/9/23,21:30:05
534,53,99,1,mamgt98tron2ffgbbg26vibk1b,10/9/23,21:36:20
535,53,109,1,mamgt98tron2ffgbbg26vibk1b,10/9/23,21:36:23
536,871132372,107,1,tbi7amphovdoj1874mi4p7b5lt,10/9/23,23:11:37
537,140841109,107,1,1rf5ahtmlc46h17kmpofi5eshl,10/10/23,10:26:45
538,718985265,96,1,ih4mg9e4ldmri4314q8430ptjn,10/10/23,10:44:03
539,130581738,98,1,svkh6vofh0f0o076d5v6gclimb,10/10/23,10:49:51
540,988557509,96,1,bh6vkehci9jeqnhik231ghbci0,10/10/23,12:02:38
541,885060796,96,1,g4hrlk98slsvls66bbtct3pf5e,10/10/23,12:03:07
542,112774716,106,1,tk37ju9ggcq3ll7i7nksdkaht2,10/10/23,16:26:22
543,531849233,96,1,1npl7o1ajgalgd1leo7h0l1nn2,10/10/23,17:06:36
544,884487352,96,1,4pjqfvcjk4d7gjg1nekadofstp,10/10/23,19:43:23
545,566634584,94,1,d9hjfcbta5sin47h2tcd13mhbg,10/10/23,22:35:44
546,670380080,97,1,pcd9d2mb48uj6vuijh3dkctmfp,10/10/23,23:07:30
547,551721134,97,1,cb7hh1gh1runpkh8pskl6nlmbc,10/11/23,00:07:36
548,177267556,97,1,ma2mfvh8q47ntk5iraqiojva40,10/11/23,00:09:12
549,666094747,113,1,1k365vn5cccinoi2nvhbl8f7e5,10/11/23,09:36:42
550,666094747,91,1,1k365vn5cccinoi2nvhbl8f7e5,10/11/23,09:36:52
551,203225191,99,1,br6h2godv7a8q5d5j0cm69kf7a,10/11/23,10:50:43
552,758642092,96,1,s7256k77pfmaqbo00ciog3scsc,10/11/23,11:58:27
553,272016990,91,1,ghqrkr4hufocddsjmgvmnfmrr6,10/11/23,12:10:27
554,360571216,99,1,qi3f21l046sb8qu5v5a7gf5eg7,10/11/23,12:41:59
555,852040628,111,1,08fu7uc3107t7fuv5ch8hn4o3b,10/11/23,17:43:52
556,849584699,111,1,or7v39ur7nlgmoa8fpnlselbp9,10/11/23,17:53:22
557,571638331,99,1,kucrqrmqtp4lq481p3hmimu5ir,10/11/23,17:57:31
558,775029465,111,1,22gpf48pnq3g5c9mg2h5phjpb6,10/11/23,18:04:53
559,884302935,96,1,vduvm3ef7m9l3b6cvo2m8iqiuj,10/11/23,18:16:37
560,777890859,99,1,9mhvongmpdgavmuh5t0rld5vjv,10/11/23,19:19:34
561,265448694,111,1,mn7b40mgd9gof020iri8ct078s,10/11/23,21:13:05
562,960881656,111,1,fpllgjn0bnubde55u1dn35ei7j,10/11/23,21:51:27
563,906198525,94,1,bhftv510bbkti4irlo73f9m5a1,10/12/23,00:21:40
564,424763677,112,1,mqcao82i6hr2fmj4l80f25ka69,10/12/23,01:38:57
565,917155571,94,1,dcjque2vvrs5es6ecras1s9q69,10/12/23,04:03:27
566,899360820,99,1,1dsceu12edn6n56530mlkgje18,10/12/23,10:30:23
567,899360820,109,1,1dsceu12edn6n56530mlkgje18,10/12/23,10:30:51
568,578015086,112,1,1un91bip6r6qcpdr6qm1mprpn7,10/12/23,14:02:00
569,253594055,94,1,5mk7a0d2j3h7mmtpg6figv3ehg,10/12/23,14:28:33
570,645889252,91,1,ed5c82elbj99rlrik9ahucnpq7,10/12/23,15:39:44
571,645889252,102,1,ed5c82elbj99rlrik9ahucnpq7,10/12/23,15:39:47
572,560107282,91,1,rorsla2cv3cdvc1pvlqmep66gq,10/13/23,09:49:40
573,366991287,97,1,oebf18u42nbrqes3f712130bok,10/13/23,12:09:02
574,366991287,98,1,oebf18u42nbrqes3f712130bok,10/13/23,12:09:15
575,955483686,94,1,am394b9mpe0s7995sfo6v4gltk,10/13/23,14:40:47
576,792275530,107,1,qt2kmhq1bu5s7ois0iq50p6p8i,10/13/23,15:45:21
577,792275530,109,1,qt2kmhq1bu5s7ois0iq50p6p8i,10/13/23,15:46:31
578,792275530,111,1,qt2kmhq1bu5s7ois0iq50p6p8i,10/13/23,15:47:10
579,756631988,98,1,2eah0v9evku54346m0u1iqlrd3,10/13/23,18:47:01
580,233190431,97,1,6kk61u38211qgddqadjp276032,10/13/23,20:08:06
581,233190431,98,1,6kk61u38211qgddqadjp276032,10/13/23,20:08:08
582,497086233,94,2,4c9isl5b1m5apoujk5vo13aobe,10/13/23,20:38:38
583,511312679,94,1,5407o05u0s8gjl3286jqhm4ros,10/13/23,21:12:33
584,604747330,98,1,1126iqm2v837s5q3g6iis6aksu,10/13/23,22:15:28
585,50,94,1,0n9m0al05eqkp3g6kdamt8kbqp,10/14/23,00:24:47
586,274162911,98,1,8bf3mug3qequurfq91k8dpu9vj,10/14/23,08:25:51
587,860363235,98,1,o6me7thbhvdahesp2t8f279rjn,10/14/23,09:10:23
588,341722005,98,1,m9d14i3ghbbd1boafsmjh0m1qi,10/14/23,10:09:19
589,650577946,97,2,alou8omk6kabs9v5ktke6ke83o,10/14/23,11:00:54
590,941045526,94,1,7ccuqqagd5fn1s4bevk2q48cd9,10/14/23,13:33:08
591,539446327,94,1,n4nov5rmn13vk2tfre5nufu5fh,10/14/23,13:35:34
592,865551098,98,1,0d5nsb9kgar36vgam6tjs9ioc9,10/14/23,13:44:03
593,174494116,106,1,unuf75l6gecmo69u34c8bi6n4d,10/14/23,15:08:34
594,446552404,94,1,agmia0pj7mn1hq6tdm9chalqdq,10/14/23,15:34:05
595,627312877,111,1,oie8nmtk60mpehi88h4jfomvbk,10/14/23,15:35:39
596,965212515,99,1,ugb76dd023dpnrni9qdspsm9dd,10/14/23,15:37:59
597,695336603,94,1,dvnqujt7qqhd247a4779vq3b4k,10/14/23,16:04:04
598,553706344,110,1,fltff0jdrbem0a1qh676969gsa,10/14/23,17:26:24
599,255987470,91,2,qcp8kad9iqfbrtcvu71gtl1kub,10/14/23,17:29:27
600,49,110,1,02vu6q0durq1au2mvqpvdoh4e1,10/14/23,18:45:58
601,842332949,111,1,0988t4e9onpvp2r1nfr3k6854s,10/14/23,21:16:24
602,842829781,103,1,7n6ns0u4foibcq9sipfrenmuci,10/14/23,21:28:17
603,277470579,105,1,f9ckupisjo54bn9s7ratldjqjg,10/14/23,22:46:21
604,857615961,94,1,stc7p57euqtv45k520tt4m2nfa,10/15/23,00:11:52
605,953072141,91,1,2ek20f28lqa3d74r3i9cmq74qk,10/15/23,11:38:02
606,933957533,105,2,5t4058qbeobk1o3r855a4dmgnm,10/15/23,14:34:41
607,973640991,111,2,fadp49kfhmueqdul7o9k2trjns,10/15/23,19:19:25
608,690309634,105,1,iq87ptio1sqkh8k63ioi7uon85,10/15/23,22:24:23
609,343996310,105,1,oic2991iihobkl62vcr88sjirl,10/15/23,22:29:31
610,343996310,119,1,oic2991iihobkl62vcr88sjirl,10/15/23,22:29:41
611,49,109,1,lbhu1keqf718kpdkebbgsapvcs,10/15/23,23:28:43
612,430681052,117,1,1dn0uq6fdt87i4llmdlcj1iin8,10/15/23,23:56:38
613,438114233,117,1,mbkkgop10hngisbvtvb18vitsf,10/16/23,00:38:28
614,227119747,106,2,qvqda906sps8b46et6dbsmd3bq,10/16/23,02:24:34
615,62,106,2,08n7g5mnm9raakeelqt4m2j27u,10/16/23,02:45:42
616,34,112,1,plti4ml6m9u20p82tfm3lc88ta,10/16/23,09:15:27
617,34,117,1,plti4ml6m9u20p82tfm3lc88ta,10/16/23,09:15:38
618,235982479,106,1,1daa7kfivjna2dlus87fjarau7,10/16/23,12:31:56
619,856780062,105,1,r9nmqa4nedecnomv8vrdi3nu69,10/16/23,12:40:56
620,364533878,117,1,6roshcq50fc9lljpmbp46novek,10/16/23,12:54:56
621,710434342,117,1,lm9nk6pblafvq5ronmhja87nv6,10/16/23,13:00:27
622,63,100,1,7hivn3lh9kcou77i213i5u6f8u,10/16/23,14:17:47
623,663758188,91,1,6vkch5sfhac8iukp2beblpu5li,10/16/23,14:44:33
624,663758188,107,1,6vkch5sfhac8iukp2beblpu5li,10/16/23,14:45:01
625,663758188,106,1,6vkch5sfhac8iukp2beblpu5li,10/16/23,14:45:03
626,917316144,105,1,r4a6j96rq64mvfuk1he4768ne3,10/16/23,15:43:01
627,330498796,105,1,qra54ibr85bhl9c541jgqce4uh,10/16/23,15:48:45
628,51,109,1,iie4grqnk1bbfmf5neuqq7d9cv,10/16/23,15:50:48
629,722411971,117,1,ohpbbnj5i96ccgeab9a1sihu2d,10/16/23,16:52:28
630,167283878,117,1,m8dne1esjehkscfcnuir7nhjsk,10/16/23,16:58:28
631,817722118,118,1,sis200mb60pqru8paj9me3e2mi,10/16/23,18:21:21
632,487209478,105,1,04rjd5n9u7hn7q2oohv1kg1kcs,10/16/23,20:50:24
633,299034755,100,1,s11d27pidmou9k1h2bmdu9ih9g,10/16/23,22:04:57
634,517502398,117,1,9312jku1c3bh0md3dtlp5589jt,10/16/23,22:05:14
635,324141405,117,1,g9ev9vq1271h39l8h43gqhncfq,10/16/23,23:09:36
636,623540566,117,1,pvusc4soknaf68q87seh9ftraf,10/17/23,04:09:55
637,648772200,100,1,t3t436s6l80t99i2s2cj6tj3c2,10/17/23,13:07:41
638,856062079,105,1,krrq5l8cj4qcasgbbbgna2plt2,10/17/23,13:36:29
639,682944764,119,1,dp84i2n0vgl8r9ckh6hafjk5r5,10/17/23,14:15:18
640,824946626,119,1,ca0ag6fako4nsb1t6t85h8nu5a,10/17/23,14:57:52
641,898295428,111,1,j4mdgv5raimhtggdlf8dnodvu0,10/17/23,21:40:53
642,762016951,103,1,bb0k6t1192kl8fgg3okn9cf2q6,10/17/23,22:08:19
643,567114924,100,1,kun9v4fnt51ptfbrki3bti84i4,10/17/23,23:01:48
644,53,117,1,vgoi9ejkm310goga1a8emqjdir,10/18/23,00:08:58
645,53,119,1,vgoi9ejkm310goga1a8emqjdir,10/18/23,00:11:05
646,180666138,106,1,76e0ujqps8hhouon34ipeujac7,10/18/23,00:45:59
647,180666138,117,1,76e0ujqps8hhouon34ipeujac7,10/18/23,00:46:13
648,519624083,103,1,otb4bj6meb2s13qgcikl2qo649,10/18/23,01:52:19
649,733896400,105,1,76fngt3b43hvplq1s6h35p7ald,10/18/23,09:39:02
650,368354455,106,1,t9ckr353oh9jik68g5la9grvld,10/18/23,09:48:02
651,879038964,100,1,1seprf9lsoopbkk3n2qr0oul3o,10/18/23,10:00:14
652,252952629,100,1,h2ghq3ht73lgk2aecl9n2lq4cf,10/18/23,10:00:51
653,853429841,105,1,9leetdelv5qjamer9ddi8vd627,10/18/23,10:48:32
654,522413221,103,1,l0glvqbcil6iktmp39gn8tbfa0,10/18/23,11:49:31
655,817774487,105,1,poaomn4if1eaqh1e3pabl0ik72,10/18/23,12:57:58
656,903798550,105,1,492tskuc9e4oef73gvf7vts8sh,10/18/23,13:04:32
657,650364333,105,1,nvbnuo8nljpdnj8jpc5bmq0g92,10/18/23,13:23:16
658,618964067,116,2,ic6dsbkb9akkf8i5g8a54qjtvq,10/18/23,13:37:44
659,525528988,103,1,lpkg8se70corv3u25jhc4ecjjc,10/18/23,14:14:51
660,67,103,1,95bh10cmlep2grch8h57jub3n2,10/18/23,14:19:10
661,496657091,103,1,5fuhsi13h3u48oerfsvf86s540,10/18/23,15:13:30
662,542752766,111,1,dc2i5jusrlu0o5ptlcotn0al1j,10/18/23,17:13:42
663,517424553,118,1,27i3qblmv60ijr6p34sb1t8r2m,10/18/23,17:35:15
664,517424553,110,1,27i3qblmv60ijr6p34sb1t8r2m,10/18/23,17:35:19
667,450035351,118,1,mmj913ggbu3e0u3jies977q6vp,10/18/23,18:10:11
668,450035351,110,1,mmj913ggbu3e0u3jies977q6vp,10/18/23,18:10:15
669,933264124,103,1,o0ro7dv79bp5h2enrhtpb731si,10/18/23,19:00:08
670,930381649,111,1,9lnmr06375eemfk67vg99thsen,10/18/23,22:03:29
671,884767094,118,1,adt7s2g0u31drkjmbaeg51eeg2,10/19/23,07:44:14
672,884767094,110,1,adt7s2g0u31drkjmbaeg51eeg2,10/19/23,07:44:16
673,212327422,117,2,i2v4d6qoptjs2jgrsvdgbivihg,10/19/23,12:11:12
674,906985917,117,1,qdbnkeh7dsu13e2dcr7ms17ta1,10/19/23,13:35:01
675,556413191,103,1,4hu5tv4gc63e9ape9ebp62fcrn,10/19/23,13:54:21
676,662195775,103,1,uosdn7ehjtmjb8idersggp1d46,10/19/23,14:20:39
677,215457020,101,2,2pa5mtpbu1991gc963kg42j7f0,10/19/23,15:57:27
678,972729650,103,1,35d652btipe5a0dbbfnvggq8ue,10/19/23,16:25:00
679,974508493,103,1,e4d7l305r37fgf8k91lg32ckkc,10/19/23,16:43:56
680,626887383,103,1,uqlh0ldticn4cs899got7ot31q,10/19/23,17:56:25
681,218975869,103,1,hsjfu7517b2ngr2d6l10mvtgmh,10/19/23,18:21:37
682,355159570,111,3,n99j87amdebir7m3sc1t0s1g9b,10/19/23,19:15:37
683,745629302,119,1,n3leohsfclicrgr1s3gn2he084,10/19/23,23:21:20
684,225765237,117,1,88cs5v3hl5qihu323js2q2h8jq,10/20/23,00:15:03
685,581387374,107,1,f1p15taa84vn6a0nk4hrvf0hk3,10/20/23,09:42:06
686,762756249,122,1,hah0k9cmq6883d7lk5i170m0bn,10/20/23,14:11:59
687,292395054,102,1,52enb41o63t5iomthvkn922mgd,10/20/23,15:20:47
688,200612201,122,1,gseihc3ug1q4pu4tgadf4kgdpn,10/20/23,16:14:01
689,794808182,102,1,53idm613npob00ltp75374ipot,10/20/23,17:15:04
690,131916872,102,1,t12f8snk8j33hmf55fb3er617n,10/20/23,18:49:18
691,942045609,102,1,4cu5b8ae6k4bl3b2dn5sulvbje,10/20/23,19:20:22
692,153903910,109,1,phbs0mpkikthmdo8gk1akumda1,10/20/23,19:39:48
693,123701160,119,1,g5frns32q4vj982rdpna6o5oed,10/20/23,19:45:38
695,218209357,119,1,msk9orlt4nmvng8qceaiensmgj,10/20/23,21:00:52
696,916575913,106,1,7s9spd34l486hgp1tike8r3e1j,10/20/23,22:22:59
697,613999676,106,1,8marm226p1orqsve8vcag4lljq,10/20/23,23:50:45
698,425159044,117,1,1mst66h8ec7egcmqs9p7al5nvh,10/21/23,01:23:37
699,378292887,122,1,lb03f28r19sgruphbcnch26iq1,10/21/23,09:25:18
700,759125181,106,1,4ru3h9qg8c80mh50f5uvncspp6,10/21/23,10:42:07
701,261581583,116,1,acougkehqtralf7i14ioac4ni7,10/21/23,13:08:00
702,166122937,117,1,dnlam8mjhenspb6qsuv8l7t9du,10/21/23,14:16:50
703,467724546,117,1,9rq13mnqcfffpvufjmh9820j0f,10/21/23,15:25:16
704,908612338,117,1,fn3dq2tl2hqosv6102205lk3ct,10/21/23,16:47:47
705,372643321,117,1,j63fl9oorbubl4n9ppupt7n5eb,10/21/23,16:52:11
706,372643321,109,1,j63fl9oorbubl4n9ppupt7n5eb,10/21/23,16:52:16
707,994994590,117,1,e0i5au0r7ptaoo2p2pstsb9bci,10/21/23,18:58:02
708,767914485,118,1,nsmmr64u4p5qsr14i6seovd3fu,10/21/23,21:48:10
710,337310741,111,1,hvltpa8iie5c7v21jdfp4agpp5,10/21/23,22:02:40
711,283043831,122,1,tsgr7ki7cgbg13ega80kremi6p,10/21/23,22:16:11
712,143715152,117,1,rs6pdkks8kmp643v1do8cn52mj,10/21/23,22:39:39
713,34,122,1,sqmj7e5l6nfq58fer9uevdgbk3,10/21/23,23:15:40
714,555035188,111,1,n5hi56gppj481m2j6ldn0dhs2c,10/21/23,23:58:22
715,742506079,117,1,gsm6vsibqjb5k1fvtk1f2ufnhl,10/22/23,00:01:37
716,894730330,113,1,9pujcbdpfchpst9gq5sll0isa0,10/22/23,08:26:18
717,843320490,122,1,ijb83ks6j51b69q58fh16tip6v,10/22/23,12:28:26
718,991751281,122,1,s0mvniu2vdmfrsu86dgdbb3lmg,10/22/23,14:16:02
719,882570193,110,1,gbjnj351o3pncq9t521vre0eh0,10/22/23,15:30:37
720,342554757,122,1,39a0llnl7773alpgn17bug1p8v,10/22/23,16:23:29
721,977879661,122,1,4odqth8a5cpp2b94djk9m5bu0u,10/22/23,17:03:17
722,243593599,122,1,cg17sj2jlki8ri7uaaeoihvk78,10/22/23,19:30:51
723,558501549,119,1,9obnr7aj2ec497hhgs5905icv3,10/22/23,19:53:49
724,558501549,111,1,9obnr7aj2ec497hhgs5905icv3,10/22/23,19:54:04
725,545060341,110,1,f84cnp1i6q36ftk1rlf2hnjrpd,10/22/23,21:42:34
727,176026253,111,2,pphlfh488ejbtnruqp20v5qjrq,10/23/23,10:03:54
728,447616621,118,1,hebkdvfmdoemq4tvjb8n2gj02a,10/23/23,10:10:46
729,523879387,119,1,q7hpkkaoa8m1teb3p29u3re52o,10/23/23,11:07:35
730,873467464,122,1,2oa8l6un1dmlvmldve2fdva3j0,10/23/23,12:16:01
731,463705052,110,1,na1keak5vshnlr4josgetai98m,10/23/23,12:44:54
732,463705052,118,1,na1keak5vshnlr4josgetai98m,10/23/23,12:44:58
733,463705052,119,1,na1keak5vshnlr4josgetai98m,10/23/23,12:45:23
734,463705052,111,1,na1keak5vshnlr4josgetai98m,10/23/23,12:45:36
735,165532226,101,1,q1kus44srq8enpfqd8lm8qb3nh,10/23/23,13:33:23
736,749164120,101,1,m96l4kfurhbipu4l1g0pj9ditd,10/23/23,13:38:43
738,362849336,101,1,bfbp8uqv2hiv9sq9qtfdcc84aa,10/23/23,13:40:20
739,200855637,122,1,cf13573uj0k0925gu61sgpip5v,10/23/23,14:33:11
740,668492549,122,1,51vv9vhfi0m6su9g351ae6t9as,10/23/23,18:17:46
741,142520680,110,1,9e5rhnk76c66o9mqus1022d8ir,10/23/23,22:31:31
742,332177129,111,1,ktei5f1rpg1g591fqtq272fcsp,10/24/23,00:36:51
743,963266150,122,1,sht7ks570h6ihoc6bmjkdqbosn,10/24/23,01:46:33
744,496885937,122,1,14enkifu0fk5gmcr1idd4tvpfd,10/24/23,02:43:04
745,811384711,110,1,jmj2b9te9t21hamrd3ocbosrqa,10/24/23,09:55:15
746,713627636,115,1,fvh3b9utuh9dhdeuaofr4vt218,10/24/23,10:59:28
747,34,122,1,pgc662pcu7ndtvkv6e5qhao383,10/24/23,12:27:43
748,738757139,101,1,0hnfh5r41nf79jd1v2supaavsd,10/24/23,13:50:14
749,75,110,1,34ord7a886dhnhpuf3039tnsq5,10/24/23,15:38:33
750,759919177,122,1,m14hfma7mdlg0tka873iun2abd,10/24/23,16:43:13
751,63,101,1,3q3mnpre468lvg26dobdekcumb,10/24/23,17:19:09
752,556961352,119,1,e3eamrml1n6geps5ba85v18qem,10/25/23,00:39:50
753,273531147,122,1,mq6ha3v84sacu4vgbgqk8gice0,10/25/23,11:24:17
754,629240014,101,1,fqbtg1j70vvpe5ps5t27pv73oe,10/25/23,11:28:39
755,751532428,111,1,of2srpqjkt7pe21l8vma4q2mi3,10/25/23,12:07:53
756,479915769,101,1,0m5f3v2m39cgn8rq4vct003cd3,10/25/23,13:41:09
757,790773266,101,1,v89ip1kh8nr5ium3j22ldedkeu,10/25/23,14:02:38
758,651880912,111,1,8cdghre4552qghjrv0of0ohamu,10/25/23,14:41:54
759,675148614,101,1,g9gs4h5in44rr4ep2srsau6fr6,10/25/23,15:04:25
760,675148614,119,1,g9gs4h5in44rr4ep2srsau6fr6,10/25/23,15:04:30
761,443043600,119,1,r9dve0o7fob8gsnmk83u2e0n94,10/25/23,15:17:46
762,444708235,101,1,5c2eltinbqvu7t7icsosbdfam3,10/25/23,15:36:40
763,700281990,111,1,s482cj04defu4jq5gpktgp64hn,10/25/23,21:42:14
764,259013307,111,1,v9150idbire9i3u1qekocdr5bn,10/25/23,21:53:25
765,793423442,111,1,os4qaj6v49e50jgfu9iidqrm8f,10/25/23,21:57:55
766,910326155,118,1,eact9bl2op49nmho535i5f406r,10/25/23,22:36:20
767,446040993,116,1,j0kcbumkgh3082rh5r06imc5fo,10/25/23,23:52:31
768,986162295,122,1,5dvnobod5qrg85f3181ecicqq4,10/26/23,07:46:39
769,261581583,122,2,acougkehqtralf7i14ioac4ni7,10/26/23,09:33:29
770,554686632,122,1,rfqbd8r7olagflcdkha8mcf6is,10/26/23,09:59:24
771,307281405,122,1,h631hhs2obhj53qbljia7o57p6,10/26/23,09:59:56
772,802840311,124,1,ekhkuc7jtq7vg3i1umu46a1rab,10/26/23,12:17:57
773,802840311,124,1,3tks68b2b94t0r9v3tpb4jsoqm,10/26/23,13:24:49
774,622473730,122,1,rh7ch4kkc69r66e4hvjpak68hh,10/26/23,16:53:17
775,807852787,122,1,7i51ood3c28u9oorhmcbhu25a8,10/26/23,18:10:26
776,621985505,110,1,76qj652n7ekc930kbg1kralp22,10/26/23,19:13:40
777,950177575,110,1,t40mqfhsv7boegf83vosn75ppb,10/26/23,19:14:23
778,950177575,118,1,nslob9r3lnlmv2h6l2jiso0vjt,10/26/23,19:16:10
779,854542394,122,1,pb8b2o3umv7trhn0jrdp48nscv,10/26/23,20:18:31
780,283876915,110,1,e80guuucdlhk86i010leuipgq0,10/26/23,21:27:50
781,257996550,122,1,n8eko5c573fhar92fbl1nr45ks,10/26/23,22:04:21
782,79,118,1,iu25gt4q01r5627gsjnh8nogaf,10/26/23,22:30:58
783,284349518,111,1,o050ofipnvkmpjk3f03rfmer7c,10/26/23,22:52:26
784,227522562,122,1,51f5kkpq5bka1qdddhdq4hr3g3,10/27/23,10:21:32
785,929394810,122,1,v005obeges8g9uciic2cksq8fu,10/27/23,10:34:11
786,80,116,1,p22ccbb7asgkmifmsfgibprgh6,10/27/23,11:14:23
787,537404722,133,1,0cs6tvoorptat9q1rqeuukqncn,10/27/23,11:30:36
788,503005734,133,1,oaf2lrqosh9ss0ckm151lev1le,10/27/23,11:31:25
789,943893580,122,1,ispdq7v5lf8vdhkbhvjuca5kdq,10/27/23,11:42:35
790,964858758,111,1,u86ia7ll8ib2cgqo1ipgr0bk12,10/27/23,11:43:22
791,622871103,133,1,2e19q47gm3fvasllvlqf5c1tla,10/27/23,11:53:13
792,622871103,130,1,2e19q47gm3fvasllvlqf5c1tla,10/27/23,11:53:19
793,727998038,122,1,ajj155io70agdtrnnns5t1buhu,10/27/23,12:04:57
794,633355324,122,1,ndqf45csnbc47uhhg6vi9r6gmm,10/27/23,12:11:43
795,203588377,128,1,anfq6iusrhv7erudcd2j2vif4q,10/27/23,13:26:49
796,203588377,130,1,anfq6iusrhv7erudcd2j2vif4q,10/27/23,13:27:05
797,890622929,129,1,9djoct6456aa0ploasqg2gpuii,10/27/23,13:43:27
798,688521146,128,1,6covbuplek8b5j14mb7e0m6luq,10/27/23,13:56:38
799,688521146,133,1,6covbuplek8b5j14mb7e0m6luq,10/27/23,13:57:05
800,218435485,122,1,nc9vt5c59astppl00q03j0ptsh,10/27/23,15:18:41
801,81,111,1,1l9k1kgfen3njl62bns4qpfihv,10/27/23,15:32:53
802,861568042,116,1,ltabmmh8h3b3cj3s7ca66o5hl1,10/27/23,18:24:37
803,307492637,116,1,uho0pr88sd83ct5kjc8j2vv5gu,10/27/23,18:25:57
804,801993804,124,1,9e706fgvdgfj2gccjamjmht6kp,10/27/23,19:21:58
805,311436213,122,2,7kbhmvhbh07s0isdnju7bp0q9b,10/27/23,20:55:12
806,910486159,132,1,ek559mi12iro1qb6hans0fmu0g,10/27/23,21:26:47
807,580824227,111,1,spbahmq0c6htqjtbak5md9vd10,10/27/23,21:36:59
808,288673851,111,1,83asdke1l6dfpuv9a2nt1pmd95,10/27/23,21:56:55
809,34,124,1,kurf36e7rsv7ppl2q73rqdomvs,10/27/23,23:45:58
810,34,126,1,kurf36e7rsv7ppl2q73rqdomvs,10/27/23,23:46:09
811,34,132,1,kurf36e7rsv7ppl2q73rqdomvs,10/27/23,23:46:17
812,613395578,132,1,7kq69dq1h4742tq9hpa3d2sjao,10/28/23,01:30:51
813,503128123,118,1,6l47cus1tpbbv7676m2aj48tl6,10/28/23,08:57:16
814,796798543,110,1,7hap3feh8vnj00pda5tno0pije,10/28/23,09:24:02
815,231208800,110,1,2pf4ooo5kbti63cc99oilch0mq,10/28/23,10:13:55
816,762684738,110,1,41ndb19jlv962scaggdoi3v4c6,10/28/23,10:22:42
817,763113081,125,1,1l9e6q7dvusq0e91mptc21sfu4,10/28/23,12:36:59
818,763113081,128,1,1l9e6q7dvusq0e91mptc21sfu4,10/28/23,12:37:13
819,763113081,130,1,1l9e6q7dvusq0e91mptc21sfu4,10/28/23,12:37:20
821,763113081,133,1,1l9e6q7dvusq0e91mptc21sfu4,10/28/23,12:37:31
822,933033301,118,1,hhje8qclc2cvgf3n435gvks7b2,10/28/23,12:44:33
823,398128164,111,1,0epjqj1e9piu7dhbp0ttcbs4n5,10/28/23,13:09:09
824,398128164,122,1,0epjqj1e9piu7dhbp0ttcbs4n5,10/28/23,13:09:19
825,209337312,124,1,g6h0f2bm5fji81th82efl6gqn3,10/28/23,14:46:50
826,8,111,1,vdhie19v5eamlbj7ufai9oh2ql,10/28/23,16:20:23
827,353780394,122,1,ag80q9sln4r7que1h4ib114kbb,10/28/23,18:09:27
828,936128198,122,1,mf3o3le45vjfdtil7o8u05ra75,10/28/23,18:12:38
829,511030678,132,1,pucnbhvo6qj4mbe5dg3uspsqrp,10/28/23,19:01:00
830,82,131,1,finq1vde7im97bt88192taq1oq,10/28/23,19:23:14
831,342181129,124,1,r8h04ueriikhv073aqldo6oprj,10/28/23,19:36:14
832,756361300,111,1,36tjol1g082ic7kfsn4lrkqr4e,10/28/23,22:28:36
833,114207233,122,1,jil6jn77s6c54ecb0kacl03dh0,10/29/23,00:23:09
834,279380589,111,2,2s16sjeqstg2ur5hbgn37lvs1o,10/29/23,07:49:56
835,225183449,124,1,q3tes13lq60qe3j8kli21lgai7,10/29/23,10:33:56
836,371067732,122,1,jdonq9tub5i924d3ddnb04sm3d,10/29/23,10:50:01
837,473970409,124,1,e7aa5lmsvtkgcqsirul96khjql,10/29/23,10:56:04
838,443541412,122,1,rvnau5n9gjsfpt6ecf851s9675,10/29/23,11:35:57
839,114144962,111,1,cdpq2u9oud5bafdp379udtu8pr,10/29/23,12:24:15
840,373015765,122,2,pt7leecmadj36i5odhgbv8blba,10/29/23,14:54:11
841,51,129,1,r5ijv1g45mj51tcnrh8ee762g2,10/29/23,15:28:29
842,948933467,132,1,8a7iecl6ubr2g7n3q4pnbc58u0,10/29/23,20:18:29
843,877014239,129,1,ktei5f1rpg1g591fqtq272fcsp,10/29/23,21:13:40
844,709449213,125,1,1stngv7f8n9svkgdnor80gnh11,10/29/23,23:29:13
845,269520461,115,1,btisl2btkq80a0sapplupi6qqu,10/30/23,00:03:09
846,618794229,134,1,kmhiceqbk3fmg7mtmh1af713kj,10/30/23,00:47:00
847,480987203,126,1,jjh26a4143i807ajms9igg59v8,10/30/23,03:23:20
848,574914109,126,1,pknbk2p1nmdqgv816cf45mgdtt,10/30/23,10:52:34
849,879360170,126,1,1ju3fmarsrdc1lsrrbu4t0luo5,10/30/23,10:54:55
850,770622386,126,1,hirjhooaj5dgvnr9dqevpeal8k,10/30/23,11:27:34
851,770622386,131,1,hirjhooaj5dgvnr9dqevpeal8k,10/30/23,11:27:45
852,694802843,126,1,lger9dcdskcufrbj4l3pie0c82,10/30/23,12:06:37
853,408149336,132,1,jnskbtne20oarmream44fpiu6h,10/30/23,13:48:18
854,859503078,133,1,tbl9kmkpa4oubt666ct7prpj3b,10/30/23,16:44:04
855,367652435,132,1,nffen7ul0rpi2qvl51pbiu6qgm,10/30/23,18:33:08
859,85,126,1,271m2jmtdqhv9hct259v083jnd,10/30/23,19:31:54
860,85,134,1,271m2jmtdqhv9hct259v083jnd,10/30/23,19:33:11
861,85,139,1,271m2jmtdqhv9hct259v083jnd,10/30/23,19:34:56
862,85,140,1,271m2jmtdqhv9hct259v083jnd,10/30/23,19:35:03
863,492444230,115,1,ie1m56g7k5mr8c09dm91druni0,10/30/23,21:56:09
864,492444230,132,1,ie1m56g7k5mr8c09dm91druni0,10/30/23,22:19:08
865,518285200,115,2,vknpun4uovt64dcpvja3dm9kl7,10/31/23,17:06:25
866,564709944,132,1,pjcrqoh5g7nlob2leo0en35fe6,10/31/23,18:52:30
867,328543604,131,1,lblauc6dh3cu8esuic6pasm0ah,10/31/23,18:57:57
868,81,131,1,p1d1qrp4s31cqa6ohp5f0tj4pr,10/31/23,19:02:17
869,412243773,125,1,09pala8sk588ia62skjd4kvjep,10/31/23,19:10:32
870,401598995,125,1,2f343hfnm0f6jhrt7tvlcuop9g,10/31/23,19:11:11
871,146273681,125,1,dabs46sbqarjue5vdkl8aeml3c,10/31/23,19:12:02
872,259619710,131,1,1pspc0vds3i4br872v30abi1fg,10/31/23,20:16:35
873,87,132,1,khmi6f8alv6haul09hhdg1sfd7,10/31/23,20:36:02
874,87,141,1,khmi6f8alv6haul09hhdg1sfd7,10/31/23,20:36:18
875,557612814,131,1,ln87p3ubopab3d4ieh19nbvlcq,10/31/23,21:47:44
876,279077394,142,1,pttru9i3561va0bnnvkgml5d30,10/31/23,22:24:22
877,857072259,142,1,e0ft8smp788fmva74mpflaem2h,10/31/23,22:40:45
878,639140421,127,2,9l51a98f1dfgucij11i89s08o5,10/31/23,23:00:55
879,176877147,115,1,014b756qdf8s31qcoian7d98fl,11/1/23,00:09:11
880,497681336,128,1,f4o2acveau8ks45hq9ifrk7p41,11/1/23,00:37:30
881,393431684,125,1,3ob9iofl8n4m8tbp4nuc37a63c,11/1/23,01:37:13
882,208285649,115,1,djkvibmt4lc7f0km0ft1o9atg9,11/1/23,06:14:55
883,728727377,125,1,ok8l9drrbsfst70b1n4vjikg0b,11/1/23,10:15:46
884,961308164,114,1,5kemr7s0os6h85c52267uv4km7,11/1/23,11:06:21
885,623779990,132,1,qd3qcvk5mo0nd218eubj0bio4v,11/1/23,11:23:21
886,623779990,121,1,qd3qcvk5mo0nd218eubj0bio4v,11/1/23,11:24:41
887,310896320,121,1,l8v3fh0bain1fcia17bf2cub6f,11/1/23,11:25:57
888,684994707,125,1,f7tpumjedstij6bhl3bc28pi6u,11/1/23,16:23:57
889,170071791,126,1,a1hr09a9af8626djbpgpd0ff9d,11/1/23,17:18:15
890,400054585,126,1,sfcueeq6doo4e5nq2qjgomh7bn,11/1/23,17:19:17
891,933049599,131,1,clb3oqq8b7lte2o5qdkes2s2en,11/1/23,18:52:05
892,513491919,133,1,2gb3sjq6ct03047ffld9kks8d2,11/1/23,19:29:53
893,950553336,131,2,fs5r1uufbjdsri85guu1nnijja,11/1/23,23:12:07
894,734450877,129,1,i5aoea52ns3i38n64fqo4hre6q,11/1/23,23:14:44
895,154717947,129,1,b71ikv0u7s0c2hm7cl528la7gt,11/1/23,23:16:18
896,154717947,131,1,b71ikv0u7s0c2hm7cl528la7gt,11/1/23,23:16:34
897,154717947,133,1,b71ikv0u7s0c2hm7cl528la7gt,11/1/23,23:16:44
898,102385346,121,1,a4hnj16f4rp1v5lkqg6celq0vp,11/1/23,23:56:23
899,80,127,1,6542iabtersp84ll6k3ad80m8p,11/1/23,23:56:33
900,80,128,1,6542iabtersp84ll6k3ad80m8p,11/2/23,00:00:14
901,80,142,1,6542iabtersp84ll6k3ad80m8p,11/2/23,00:05:59
902,80,130,1,6542iabtersp84ll6k3ad80m8p,11/2/23,00:07:58
903,80,131,1,6542iabtersp84ll6k3ad80m8p,11/2/23,00:10:41
905,466459270,128,1,39947vealrfm7u5vdd9aegdrda,11/2/23,01:25:59
909,190766363,121,1,b46eom0iomgoic98dmdcmgmd88,11/2/23,07:47:52
910,886749471,130,1,50t5kmv2qt73rjr0a1ffb7tntc,11/2/23,09:47:38
911,886749471,131,1,50t5kmv2qt73rjr0a1ffb7tntc,11/2/23,09:47:49
912,426953389,129,1,4kkcnu2fpp46s7ec4l3icbkgij,11/2/23,10:39:10
913,426953389,126,1,4kkcnu2fpp46s7ec4l3icbkgij,11/2/23,10:39:18
914,426953389,127,1,4kkcnu2fpp46s7ec4l3icbkgij,11/2/23,10:39:20
915,127227092,128,1,71arnpij89nijp5bgsckg4lic6,11/2/23,11:35:35
916,304072368,131,1,mmpk2vf64lc16ll3s4uti4sl1d,11/2/23,16:12:29
917,653720818,128,1,jcbh3sstqqbm5o5kq4lkrl2pba,11/2/23,16:28:20
918,577000898,132,1,4ol15agr7av4nun4vhnk38ef9m,11/2/23,22:39:34
919,835458078,127,1,4n1jme1936fe2rj565jhn2n2e5,11/3/23,08:07:40
920,835239481,131,2,rnnobd3uvlamuvdtsartnumjkn,11/3/23,10:18:49
921,50,128,1,df2q0mvm71h7gfofj6lvn67rnm,11/3/23,10:23:22
922,856510905,128,1,hu61ppqdekd0f21j0sohfup9kd,11/3/23,10:26:17
923,828486359,132,1,nda934pkav0p381h7j6r1npbcu,11/3/23,12:34:49
924,709235056,129,1,jmpcjk7k2j7860cn18amluc6dt,11/3/23,13:37:22
925,588503565,139,1,bjbej4m3k4gaha03uhhpem5pms,11/3/23,14:20:32
926,588503565,147,1,bjbej4m3k4gaha03uhhpem5pms,11/3/23,14:20:43
927,574487183,149,1,rfdmcjivoq3pllps88faeb0793,11/3/23,14:25:57
928,308048303,131,1,seve485do3hqfa8d135bg0ihef,11/3/23,16:34:00
929,625384878,126,1,ne3hqdi4ocs86gtumgfs95hvcl,11/3/23,18:35:20
930,7,147,2,9ahmmq014h9bjfhoasq8c8l1rf,11/3/23,18:58:22
931,637494743,126,1,4scqs2b7e4i1fihf77qri2fsq3,11/3/23,20:17:43
932,522123215,126,1,980uaiigfrloo3b5jpfi4lnv3v,11/3/23,21:24:49
933,273159855,127,1,tgoounm0d9pkh9ev6govs8mcs1,11/3/23,22:07:44
934,192327891,126,1,0t5unvdmed17q68hs6p1r094lq,11/3/23,22:16:19
935,879518257,126,1,2143vcdueqi32cdcsi5r8497un,11/4/23,01:30:27
936,307358544,152,1,abs140gtqcgb6pqse0u01t7sbt,11/4/23,07:15:38
937,273159855,127,1,2ep0br6d42u93o3srjisp754o8,11/4/23,08:05:00
938,97,126,1,1fqjd14e43s5b2bmm3l903aflj,11/4/23,09:07:42
939,845009095,132,1,g2rcfpujridorlmc0h0e6t3b20,11/4/23,09:28:22
940,862759151,129,1,o1uo6l8sm8g9v11vbq4hr0oj1k,11/4/23,09:28:53
941,859135278,152,1,gqfh8dblpogj51vgtin4og1nmi,11/4/23,11:05:15
942,653753081,121,1,06g4aq3o1rcjl200f7mahcpste,11/4/23,11:58:30
943,653753081,140,1,06g4aq3o1rcjl200f7mahcpste,11/4/23,11:58:37
944,431619382,127,1,h90j7528500kr9l6cdb4johhsn,11/4/23,12:37:12
945,498943534,127,1,gr5em8qst592p1qre3bec1iijb,11/4/23,15:04:05
946,286415326,128,1,47n20rs99ptvhpdc87n1dbnd2s,11/4/23,15:09:35
947,553770247,129,1,h6hu6mhbuecl99r73r997thhv3,11/4/23,16:16:52
948,251944077,128,1,s606ch53ahu9pm91o4ihs1vh2r,11/4/23,16:55:56
949,511614351,152,1,jooupovk46v7eg02vaqkm6uvgf,11/4/23,19:36:59
950,944916811,146,1,vua6hrl7riotn03754luou6rud,11/4/23,20:25:09
951,944916811,152,1,vua6hrl7riotn03754luou6rud,11/4/23,20:25:13
952,511614351,146,1,jooupovk46v7eg02vaqkm6uvgf,11/4/23,20:39:16
953,179862242,129,1,3hkrgg9vnt09bdrss2lmedivoc,11/5/23,10:32:23
954,112949378,142,1,uvc0grspo0lg4vvahm02e6iscc,11/5/23,11:31:22
955,217860606,128,1,u2f2nqaacd7thlad92pjd3js85,11/5/23,11:59:33
957,391507082,131,1,bdiuncum52ahk6k0t1boqp253m,11/5/23,12:36:16
958,97,129,1,31uo73rvkhs5ba90spoa46p4qp,11/5/23,13:12:02
959,274151081,129,1,i6cjklf8vs1vqv31164mrumv1v,11/5/23,14:01:36
960,787532193,132,1,8q9ilmmftkpva7641vjqm85nk0,11/5/23,14:28:10
961,811748609,132,1,551sknqs2rd3mheqqogg2f4hln,11/5/23,14:42:29
962,491507855,152,1,r4qv9f9vt09gb2hbiv5757knke,11/5/23,17:24:48
963,393403566,141,1,jnkn8677uj8ann8sdcp9o12508,11/5/23,20:35:20
964,531780291,133,1,1dbhrov8besfag7m8r3si2gjnt,11/5/23,21:40:39
965,50,133,1,tj7evtbiqrflbc030r7qciqf7i,11/5/23,21:41:16
966,838761707,132,1,pqvninfp6vbroc94upfk4aqqqp,11/5/23,22:44:42
967,88,120,1,2vuvmpjcbbnrdaj0hitre3puuf,11/5/23,22:49:27
968,484087732,121,1,14f9nsmrslqnqnvvq4gse3f2hh,11/5/23,23:00:40
969,51,131,1,b5fippcjtflbp1cnomb59aro49,11/6/23,07:07:37
970,34,141,1,0lbq96bs1qeeq0i14s063n5mg0,11/6/23,13:53:00
971,643790149,142,1,k5vf5ppi0a2a8jcrp9o8di7v56,11/6/23,19:24:22
972,551712608,131,1,evchknhpqfukccd2f43ivmkosn,11/6/23,19:46:00
973,540859738,131,1,n83ro1lrog65e88lqpe1m3ncb5,11/6/23,22:17:31
974,533089556,131,1,id9khlj1d583aoe9au38025317,11/6/23,22:20:09
975,225597894,132,1,j1ld75snhpl9hetg8nkg0kaimd,11/6/23,22:59:02
976,591497155,132,1,npd1im299bkd9kk1lp0022fs26,11/6/23,23:01:02
977,314472596,133,1,8afc42654jvi0fvptns512qpu8,11/7/23,00:40:27
978,314472596,152,1,8afc42654jvi0fvptns512qpu8,11/7/23,00:40:56
979,104,133,1,vbc7oj57gbg3jruqbj8a7preir,11/7/23,01:06:55
980,680539920,120,3,8i4k94mp1kv136vd565dbqj0di,11/7/23,01:49:03
981,680539920,121,3,8i4k94mp1kv136vd565dbqj0di,11/7/23,01:52:33
982,528822219,132,1,g12j8gqlvpcbhni87ct19jaobn,11/7/23,16:03:06
983,929465028,132,1,ut7p22k2qi0mapqcpib4ihikkk,11/7/23,16:04:57
984,816685042,131,1,u1qm5baocc7o7vll5sfro6dspo,11/7/23,17:25:15
985,318387574,121,1,mp0obm53iebtthdj715vgieidb,11/7/23,21:11:32
986,678385489,141,1,h0bvka8l3uga87ludoegdb4s6r,11/7/23,21:39:34
987,180071774,120,2,ot1ltu18q1mdldtmnqhp80d5fq,11/7/23,21:59:56
991,185235988,121,1,g0jgi8hvcqfs1vs29b78hmjai6,11/8/23,13:36:26
992,906765859,138,1,kl5j6vclm3pneclic717jsdrqo,11/8/23,13:59:43
993,906765859,136,1,kl5j6vclm3pneclic717jsdrqo,11/8/23,14:00:11
994,318387574,121,1,ooatutk38df1h9pj9sp7shrc62,11/8/23,15:02:36
995,895335885,134,1,4clcm6ve1p0k7ad81v4f3nnple,11/8/23,18:02:50
997,50,142,1,90pmcd73abkd9l3tpkpgqps3io,11/8/23,19:01:20
998,241952191,133,1,ejimr1c9gs5o0dim38tm2nevh5,11/8/23,19:38:25
999,106,133,1,s8gh6u314i2hhb1a4hh1t5k004,11/8/23,19:47:05
1001,348790250,132,1,1vptd9e3udtjb13a6rltkftouf,11/8/23,20:05:50
1002,901611431,132,1,in4tij09n28f9da9e33i83o2p1,11/8/23,23:33:59
1003,772464192,132,1,3uo8phq51aim0ap06uudjpijol,11/8/23,23:35:13
1004,587109263,131,1,gioubetcrj3no995ld8opspqdl,11/9/23,00:53:32
1005,587109263,141,1,gioubetcrj3no995ld8opspqdl,11/9/23,00:54:21
1006,48,133,1,40du1sr4suhh38rchpgbegif53,11/9/23,09:40:51
1007,361769558,131,2,aehl1rh0vd9o94p02d1br3so9h,11/9/23,10:03:54
1008,635273501,132,2,f21s1tgibrfkhc2ftbg881sjeg,11/9/23,11:04:19
1009,309953255,131,1,lqcup1jstccqop6cdj0vapnf4u,11/9/23,11:56:56
1010,404532939,132,2,qf8llm64ne0egahce7lr8edffv,11/9/23,12:08:08
1011,227422506,132,1,po97a1q2no1iu58j650rrjk7ek,11/9/23,14:58:52
1012,20,147,1,40397roai1bdum0uibaaqeevff,11/9/23,16:28:09
1013,584366595,131,2,qb3tur3k8r25gnliqsfim0jv5j,11/9/23,18:05:50
1014,476547109,131,3,t0dbdv6gl3qpbobqsufea41l70,11/9/23,18:31:15
1015,655660188,131,1,v5o2mfp5b3tclssoqrbk5t690u,11/9/23,18:44:03
1016,200559032,131,1,fco83vdmrkhfc513agtoqi92oo,11/9/23,18:58:05
1017,193061567,143,1,g4vbg8cl3t48p5qe83jjdr74qm,11/9/23,20:39:32
1018,139971843,133,1,ui373nt99igf9mer46tnht7fs7,11/9/23,22:42:56
1019,112,150,1,q9nsfpfcfsalp4q70594dik97l,11/9/23,23:31:13
1020,698931642,141,1,ljvqd2fs7bj6kpalqi2fa113cr,11/10/23,00:14:26
1021,698931642,151,1,ljvqd2fs7bj6kpalqi2fa113cr,11/10/23,00:14:35
1022,112,154,1,q9nsfpfcfsalp4q70594dik97l,11/10/23,00:57:15
1023,111,131,1,e8bbgo4d4t7somtlemetejgc2g,11/10/23,03:10:21
1024,323379985,132,1,9t2ovje6cqhfqo8793dhjsggk8,11/10/23,08:40:35
1025,476529550,134,1,k28aphi4regd0m693etdj9e0gq,11/10/23,10:27:52
1026,517481644,131,1,js39vrevd9l84bi4m2e2tbmjts,11/10/23,10:46:15
1027,98,130,1,rj6p48irjnrkjjr9os580jc9bm,11/10/23,13:42:31
1028,98,131,1,rj6p48irjnrkjjr9os580jc9bm,11/10/23,13:42:35
1029,889388374,152,1,vo6qvoqutt2b2va59muj8bfnqu,11/10/23,14:50:59
1030,596947230,132,1,b4mcdj5r18ph0i0o7nl1vfbiun,11/10/23,16:36:07
1031,81,131,1,q9k0q11t5vk4p44snv9k2in241,11/10/23,16:58:46
1032,904420711,131,1,jm9agbggc6dqh0psaarpdv8fo5,11/10/23,17:02:14
1033,81,131,1,1dcdigisj14j3vt9vq5vegcrd6,11/10/23,17:05:30
1034,398485732,131,2,caub9ce3avpmp49hitdki3iken,11/10/23,17:08:11
1035,408891670,141,1,753sop3ih6b5iu8ph8l163ba92,11/10/23,18:35:29
1036,105061862,132,1,odjmq08f4h17jlm0adpe1n0q43,11/10/23,18:42:57
1037,204369162,132,1,8tgeoqu8iinj3s1sbn4750c3tu,11/10/23,21:44:20
1038,570103094,132,1,dkl6flt72jp7fekbtnfo6cjo05,11/10/23,22:46:58
1039,764056033,134,1,6cam9nnrhdgeb3odg7f5vdpf2n,11/11/23,09:01:13
1040,255608509,132,1,5hgiq5mfsqs26n96ocf9p9o1aq,11/11/23,10:41:30
1041,130273891,131,1,k6cshtevt5pciv6tl7psh2p1jf,11/11/23,11:28:09
1042,983212611,132,1,r00vb2ioud1a7bul724cqs1t9q,11/11/23,11:49:16
1043,91,131,1,pohv1t2hm2qoro4gf3dgf0tgtb,11/11/23,11:53:16
1044,627919428,132,1,tailkimlvp7af4kskomb5km0ss,11/11/23,12:12:12
1045,547350588,131,1,5tgsqj16cbqef7u3kgmj7mg2gv,11/11/23,13:34:37
1046,772943167,131,1,elu3l8gofe8f0lke68lpa64j8k,11/11/23,13:49:27
1047,350307878,131,1,fpit6e7ih4qjaetrkmppgsquui,11/11/23,14:19:04
1048,17,131,1,ro4tvmomtesrf1v5c5vs70rgpi,11/11/23,14:41:01
1049,493844561,134,1,7m2dboie1mhrbvot8c5j1pe8sh,11/11/23,15:58:12
1050,735528699,143,1,4l82o5lvq6o4t4odohqh8mm7uv,11/11/23,17:36:43
1051,991570467,133,1,h5le130096kb5op9c0jlo4g43r,11/11/23,19:27:33
1053,124007623,133,1,itlm2l8665jga9tg1864khkg27,11/11/23,20:02:41
1054,80,143,1,68sge4dtees1t0fa9er7cstf41,11/11/23,20:32:02
1055,80,133,1,68sge4dtees1t0fa9er7cstf41,11/11/23,20:32:11
1056,80,147,1,68sge4dtees1t0fa9er7cstf41,11/11/23,20:33:26
1057,80,152,1,68sge4dtees1t0fa9er7cstf41,11/11/23,20:34:13
1058,80,146,1,68sge4dtees1t0fa9er7cstf41,11/11/23,20:34:29
1059,120339136,133,1,2ivgrh5ntv1q7hfubh8dgijl3l,11/11/23,20:56:52
1060,466407416,147,1,5cl82s461o1fnnlp63mr06hg8k,11/11/23,20:59:57
1061,236767468,156,1,4smlu4m6qbob0ea39rf5qthb10,11/11/23,21:05:24
1062,615367142,156,1,suktohnf5mnd96l63vptcfof8n,11/11/23,22:53:59
1063,20,156,1,1c65k81bc7pudnlfnukeb64smd,11/11/23,23:23:19
1064,20,157,1,1c65k81bc7pudnlfnukeb64smd,11/11/23,23:23:58
1065,846451941,156,1,1kmj7500404gdkkahe2ncn9rji,11/12/23,00:01:34
1066,146274703,156,1,a6jo0vr3tlu13jcgglk0gsifg7,11/12/23,00:08:34
1067,403197484,134,2,aemk4ei7qdtcvmfn58t8nf95v7,11/12/23,00:09:46
1068,789490099,139,1,25s6e3kp0pkrg0t8ko32b3svvu,11/12/23,01:30:38
1070,464284107,157,2,1jonel95udjvglnmvlohatf3ib,11/12/23,02:31:31
1071,302557021,162,1,u9865g1gisnoijju8t4l9dd629,11/12/23,03:03:29
1072,693475905,141,1,cmr7134abk3m8gq2re3rhht083,11/12/23,07:50:48
1073,693475905,151,1,cmr7134abk3m8gq2re3rhht083,11/12/23,07:50:55
1074,693475905,152,1,cmr7134abk3m8gq2re3rhht083,11/12/23,07:51:53
1075,693475905,159,1,cmr7134abk3m8gq2re3rhht083,11/12/23,07:53:09
1076,693475905,156,1,cmr7134abk3m8gq2re3rhht083,11/12/23,07:53:16
1077,693475905,162,1,cmr7134abk3m8gq2re3rhht083,11/12/23,07:53:19
1078,609700447,162,1,oppgtq0o4j21sg5e2hftsdfjr6,11/12/23,08:48:34
1079,609700447,156,1,oppgtq0o4j21sg5e2hftsdfjr6,11/12/23,08:48:44
1080,815842918,134,1,6spffndi0arv2i6a01n2irisqv,11/12/23,09:09:48
1081,262377587,156,1,e1m6kk7l093fr2n9hit6oor5kp,11/12/23,11:20:25
1082,612402689,149,1,mnrorbbl7q3j0h2auim3ne3n0e,11/12/23,11:38:04
1083,901769455,152,1,3m04fhbp051eda09hqo3fcu6ru,11/12/23,12:16:21
1084,394672883,152,1,n87t14f5g4da8csod0tv3p3avh,11/12/23,12:18:13
1085,741082507,156,1,rlru17dukguj8kqhsfasfmrvjl,11/12/23,12:20:11
1086,125512445,133,1,pebqm8b569o6hca9g10drn73sf,11/12/23,12:32:17
1087,794375524,141,1,nn17vd5qk59sdthm8h51t4pgoc,11/12/23,12:36:15
1088,918466769,133,1,ocm15tie2uti61c928h3ul4k3l,11/12/23,12:41:37
1089,208943030,141,1,vufe2dfnem4kpp4ibs02cdqb6b,11/12/23,13:30:54
1090,181527762,134,1,g6o13i0clsr6mhnelieeksmv46,11/12/23,15:14:27
1091,598157035,157,1,06njh2131deg1u0uf7uqs53kfm,11/12/23,15:46:34
1092,598157035,162,1,06njh2131deg1u0uf7uqs53kfm,11/12/23,15:46:39
1093,598157035,137,1,06njh2131deg1u0uf7uqs53kfm,11/12/23,15:46:54
1094,88,155,1,06njh2131deg1u0uf7uqs53kfm,11/12/23,15:49:50
1096,123895697,162,1,us2m2042usdff1nph1sd6urfbe,11/12/23,16:04:28
1097,123895697,159,1,us2m2042usdff1nph1sd6urfbe,11/12/23,16:04:31
1098,123895697,158,1,us2m2042usdff1nph1sd6urfbe,11/12/23,16:04:35
1099,105,141,1,c2obbc0pn4p6picjuh7q392b75,11/12/23,17:27:33
1100,983052627,141,1,lujevn36gtjb1565m26ki7p1s5,11/12/23,18:11:09
1101,983052627,156,1,lujevn36gtjb1565m26ki7p1s5,11/12/23,18:11:17
1102,983052627,159,1,lujevn36gtjb1565m26ki7p1s5,11/12/23,18:11:54
1103,246739862,156,1,eefr29jdevi2e4ul30e14ufulr,11/12/23,19:47:27
1104,140887375,156,1,qqs8fr4r0f5kqkbqbp5g43v9ok,11/12/23,19:48:37
1105,353343686,156,1,2oorl8jenmgm8c1cdtba9llmoc,11/12/23,19:51:58
1106,348324741,138,1,6ik5ukr4msc06lumgdci6sae3b,11/12/23,20:34:12
1107,806399024,152,1,uka4ara1lip6osfei3g026hdbp,11/12/23,21:02:29
1108,808703713,141,1,q17ski8d1otn6fu1l8iqo1qhdg,11/12/23,22:13:30
1109,703332480,141,1,sd5240pafuc124mjt3q673upqu,11/12/23,23:03:05
1110,394478949,152,1,74p8v0u7fltn3ftntdkdqe1jvn,11/13/23,01:23:41
1113,783909640,152,1,4qnm3fe3jka8rjql5a1t01vjjf,11/13/23,07:58:16
1114,849031758,138,1,e2auvoh6g0pppkst0cuq6ll3tq,11/13/23,09:43:22
1115,547252011,152,1,ihf333i2csg4a51tgpdakqs999,11/13/23,10:35:52
1116,837132339,147,1,h114vuuaj14g6dthbg7lljtkoj,11/13/23,13:54:17
1117,846718401,156,1,2e6nj07oqu3vps2k2ognkjvmh6,11/13/23,19:21:28
1118,846718401,159,1,2e6nj07oqu3vps2k2ognkjvmh6,11/13/23,19:21:37
1119,665512020,152,1,i9l7riu3h1untp2rfs3fa81pr2,11/13/23,20:42:20
1120,764891081,141,1,2c734ls44kntli2m1nmdf709lm,11/13/23,21:41:24
1121,264039103,162,1,i7tno41e3rbe4dquf1i7p76vej,11/13/23,22:50:39
1122,679813221,141,2,s27sk91ak47ilejdvlr6m6ch6u,11/14/23,01:00:15
1123,248502757,156,1,91ct70vkp72bqe5afbsmpolosn,11/14/23,09:16:18
1124,679113058,152,1,m84gvhnctt05p6idd8evv9fm0r,11/14/23,10:53:06
1125,287530966,143,1,2p92jeb0jk51bkcmqrnrkn7l1c,11/14/23,12:33:48
1126,341353047,143,1,d3eab3rjuvgehr5eviasmie1bo,11/14/23,12:43:41
1127,455960913,141,1,qcoii73lqbr8kgklkul6tjt09j,11/14/23,13:00:26
1128,111751298,141,1,jbb5rugjc2sumn8j9gu6scgno2,11/14/23,13:03:58
1129,971610744,141,1,1h3hm1hafrbv4ljhbm2j3mcf34,11/14/23,13:05:15
1130,5,146,1,83t6nc7n53f2f0co9bg8oig5or,11/14/23,13:55:42
1131,5,159,1,83t6nc7n53f2f0co9bg8oig5or,11/14/23,13:57:34
1132,60,137,2,u5a6mql4gbg8m79i0fva0gs2s5,11/14/23,15:05:39
1133,166460016,147,1,3slihbfcupflnqpo1fpmu32kcv,11/14/23,16:04:10
1134,370431852,139,1,2reclivn77q1e5flhb4a8sn9id,11/14/23,16:58:04
1135,3,139,1,cqrtek318ujbr1gfpbhgsmofgs,11/14/23,17:08:13
1136,927279170,140,1,8i84fteudmfp9fjtfq7km250v0,11/14/23,18:35:05
1137,969016592,146,1,mr8psatmi9gm9e63nb735ag0qd,11/14/23,19:29:44
1138,860215778,156,1,88g02gvbo6tsauk96agdhl4hac,11/14/23,19:49:11
1139,935232452,159,1,9h1e4juuh8ijqn27um6ci336hr,11/14/23,20:19:17
1140,942738408,143,1,q642qt54j5o513n8d6nec1rmml,11/14/23,21:33:11
1141,344412051,156,1,95rcilromjkhet5kgg148ogbbm,11/14/23,21:42:31
1142,606576786,139,1,4pgmjhafhi39l9redv0tfkln22,11/14/23,22:08:16
1143,520930398,154,1,fjvlv63a1l9ho356jds3113lrs,11/14/23,22:08:21
1144,606576786,156,1,4pgmjhafhi39l9redv0tfkln22,11/14/23,22:08:28
1145,524057242,141,1,uu9n40bn5026bv60lqokfuorkg,11/14/23,22:56:34
1146,277813336,161,1,cga1aqc6dlfco02nsl2dptjq4e,11/14/23,23:13:38
1147,996889220,147,1,m4kioj05ha0j39nodmkq9iqhib,11/14/23,23:15:37
1148,491507855,156,1,ompc6t9bdpeufol2e65c6qn5ca,11/14/23,23:55:00
1149,404061271,145,1,8e1qsq8bb85mu0vutu8asea32e,11/15/23,05:55:53
1150,404061271,139,2,8e1qsq8bb85mu0vutu8asea32e,11/15/23,05:58:07
1151,713964375,139,1,sthn84tevmvl1t6cmong2vb6ur,11/15/23,06:07:47
1152,127,141,1,aepqq0d6ohfv8kci24a50t418m,11/15/23,11:02:06
1153,341166821,156,1,550di80th7r1sduplib7v9voho,11/15/23,12:31:00
1154,631955587,139,1,ab6f7m51ernpcd0rkafihtkn3j,11/15/23,12:32:16
1155,631955587,155,1,ab6f7m51ernpcd0rkafihtkn3j,11/15/23,12:32:23
1156,521038282,141,1,0omoppgn4ks8ejuab30e3lbjmb,11/15/23,13:10:20
1157,780300718,147,1,vn1bqdrsogkaaakn9e09rhmmbj,11/15/23,13:33:55
1158,104103362,139,1,tniq10io534kdfobmukb4ur1iq,11/15/23,14:23:49
1159,920564438,139,1,6kobndneptvjo1i1ou3iemsb0t,11/15/23,14:23:53
1160,766071187,159,1,v65s5eqmv0kpu1g14jo4iukclr,11/15/23,15:08:35
1161,561527551,159,1,i0s5f9iigv4pl169jtldio4mqo,11/15/23,15:24:07
1162,106767709,138,1,6mo78l676cgacf1bucqn9d0e2b,11/15/23,17:04:53
1163,309870193,138,1,oucghfgk0djs203g22glrifpj7,11/15/23,17:37:55
1164,101,147,1,pp3h339r8e2qetbv5nv1o9v8cr,11/15/23,19:03:27
1165,131,141,1,iirfut7sib28lp0hd47lf177pv,11/15/23,19:51:51
1166,333877487,141,1,i1od8oc4bsp506hrvjpgkkh2c3,11/15/23,20:33:43
1167,919344109,156,1,de3nemrlf3vd88unrkivfa55bf,11/15/23,20:48:01
1168,919344109,161,1,de3nemrlf3vd88unrkivfa55bf,11/15/23,20:48:42
1169,919344109,152,1,de3nemrlf3vd88unrkivfa55bf,11/15/23,20:48:57
1170,705383763,139,1,92gcp2jund65fnb47a9jk73cr5,11/15/23,21:12:24
1171,900510588,139,1,jrvd5fp6m2hjmdma3bgcl5thm2,11/15/23,21:15:00
1172,766664631,143,1,nl6tue5bkaqggd866ia7vn7ihr,11/15/23,22:44:09
1173,883480531,159,1,21mpp9kjhmil70vumd36h0p6db,11/15/23,22:52:25
1174,306525431,159,1,lufl1fc1k6hvv8u6oo38d62qv4,11/15/23,23:01:04
1175,756191184,146,1,incgkq1r5j398pm3k48t64u4j6,11/16/23,00:04:37
1176,806989017,146,1,5tp61k7bkrtcjib11018lnd1qu,11/16/23,00:17:49
1177,418392190,139,1,mbn6nml6ag364nbdppdn1dai6a,11/16/23,00:27:06
1178,468508638,139,1,b6csg55c7sv6eg4lrskqfncdug,11/16/23,05:33:03
1179,146231515,141,1,s4ja0rgr40650bnk83bhnokik9,11/16/23,05:56:10
1181,859135278,156,1,naeu18hjos8c61jk226rkikq9a,11/16/23,10:30:55
1182,225767717,162,1,ug6pc400e23rlb7d07lnqm3gk2,11/16/23,10:43:24
1183,225767717,157,1,ug6pc400e23rlb7d07lnqm3gk2,11/16/23,10:43:31
1184,733444706,159,1,sv2ni1bmo1rmicrjdr0nf8ck4g,11/16/23,10:53:57
1185,387488436,159,1,ap12gq7ikth3tq653gnj989mbc,11/16/23,11:01:46
1186,978076289,143,1,g0sfnpdjv9t13hins3caillv5o,11/16/23,11:15:27
1187,121340175,143,1,frcnuns7ord606pm8lnp5gp0em,11/16/23,11:25:00
1188,381050061,152,1,7o619m501g9fne8lp68b5p8s0j,11/16/23,14:24:38
1189,131,141,1,7pq6rnepoqtrvftkrtgl85nebe,11/16/23,14:39:45
1190,131,158,1,7pq6rnepoqtrvftkrtgl85nebe,11/16/23,14:41:53
1191,772722651,143,1,63r9q8ta2sbeno1k3s2ekpvi4h,11/16/23,14:56:20
1192,851447190,143,1,aruu9bud560pd82i3g9n0i1dmd,11/16/23,16:36:36
1193,789090050,143,1,uj36h2t04mucmskj51ctaa5nun,11/16/23,16:55:12
1194,856974246,159,1,9b7emkk5jmmel6p8ivf97ue4me,11/16/23,17:16:55
1195,546505100,143,1,68jamvu1p5hejp8q8dgl21fipo,11/16/23,17:18:43
1196,50,143,1,0q6abveraaunf53p7318kgkjt2,11/16/23,18:42:35
1197,237969106,143,1,fqpnics7qssgahpji81rq5j95c,11/16/23,18:45:58
1198,901641127,141,1,gjpbmr906i5k7ppllpkcgp76k3,11/16/23,19:00:11
1199,248700963,141,1,qmphj3hd8hqufpa6g8sqpbme1r,11/16/23,20:24:51
1200,288813750,141,1,lmektl8a9qohoucpdo1htoanmf,11/16/23,20:57:32
1201,619574792,139,1,pgjd89vc4rq6ias6vfu0o9s5he,11/16/23,21:52:38
1202,410893636,152,1,kqromgel8rlq4a7o60bvrd1sp7,11/16/23,22:14:25
1203,520841926,149,1,s86athouqpthp3c7qe5datt952,11/17/23,00:38:16
1204,942060887,141,1,l4dgi4qruob2rcr9slaomkklfh,11/17/23,03:52:12
1205,452842280,139,1,as14t545enqv75esnkgra2hqkm,11/17/23,08:27:02
1206,282109650,156,1,l6u574nnomn1q86ajgih8mmmb1,11/17/23,09:12:22
1207,110339920,139,1,9udrujpr0avg6a6j9up8pd89hm,11/17/23,09:32:31
1209,110339920,158,1,9udrujpr0avg6a6j9up8pd89hm,11/17/23,09:33:40
1212,129,139,1,ifeokobn063naa07h5066v9ptj,11/17/23,10:47:54
1213,129,139,1,dsl3fkogop8hb2q86hsfngginb,11/17/23,10:52:40
1214,304948101,146,1,2mdi935pv6klhrl9vqushcr3jm,11/17/23,11:46:32
1215,98,141,1,r4u6udl9ti3ovl0alc2j41hru1,11/17/23,12:53:30
1216,98,151,1,r4u6udl9ti3ovl0alc2j41hru1,11/17/23,12:53:40
1217,98,158,1,r4u6udl9ti3ovl0alc2j41hru1,11/17/23,12:54:07
1218,98,152,1,r4u6udl9ti3ovl0alc2j41hru1,11/17/23,12:54:09
1219,98,159,1,r4u6udl9ti3ovl0alc2j41hru1,11/17/23,12:54:46
1220,98,160,1,r4u6udl9ti3ovl0alc2j41hru1,11/17/23,12:54:48
1221,281457663,158,1,f2gje5ppg3n59jbopl7u6l43i8,11/17/23,12:57:54
1222,281457663,152,1,f2gje5ppg3n59jbopl7u6l43i8,11/17/23,12:57:57
1223,84,145,1,hebb98gdrrbta0kna93e3577uc,11/17/23,13:16:28
1224,228505199,145,1,nh4033bpl5c880bl7hacaj4dqe,11/17/23,15:07:26
1225,136,152,1,6j4n50tc72gb6lvbbcd97ae964,11/17/23,15:55:45
1226,707835609,141,1,da9t8sqmcc9q7fitre4n8ek4do,11/17/23,16:18:48
1227,245364886,139,1,63orkdrjpg1kuktmjqa1gn1frd,11/17/23,16:42:50
1228,245364886,162,1,63orkdrjpg1kuktmjqa1gn1frd,11/17/23,16:43:13
1229,81,141,1,5a9lsuksn78d8k5fvl6ro4nao2,11/17/23,18:43:35
1231,589299342,141,1,80attbva7qq10157f54jstrorp,11/17/23,20:51:52
1232,927936734,152,1,s5cvbkpvtih3l52fnpjhbpb3qm,11/17/23,21:38:10
1233,137,156,2,q90m1jeqtkjrddfl4q0le1671m,11/17/23,21:49:17
1234,453183145,141,1,aqisjdkkubqtfpnco57livupgj,11/17/23,23:09:35
1235,836269533,141,1,e3hnbfk3at0pbpsn7havsbc998,11/18/23,00:54:01
1236,217044669,141,1,2cu4tc2jsn85hc0uintek5iulh,11/18/23,01:42:47
1237,954324118,156,2,9d76ckdui18dm7ec1l9qb95lmb,11/18/23,10:02:21
1238,835087663,145,1,2qg7jmmbue709ltfaspk024r8j,11/18/23,11:33:38
1239,457216054,139,1,nlc8gq7lm3bpp0cq5ocnnitof1,11/18/23,11:34:53
1240,5,146,1,52prdikcjdm08nvjd0b250g0m8,11/18/23,11:44:35
1241,138,139,1,mhe6jql3frfc4ln0dbfkruogre,11/18/23,11:53:47
1242,107861562,152,1,ds73ftehhd3jtii2n6nkul0241,11/18/23,12:35:14
1243,49,158,1,j7aork34unbjokb3h136vc5d2d,11/18/23,13:12:17
1244,692024069,156,1,deptl3sidoftlp34n1rmqbjt9a,11/18/23,13:13:49
1245,333008184,152,1,9pra3ef47dtqpged4qka7oifri,11/18/23,13:58:21
1246,630274336,152,1,4fi6cn42obln97t168q29ikodn,11/18/23,14:00:24
1247,909575575,146,1,nbrj5iodlm4v7m818p3n9tum9j,11/18/23,14:41:57
1248,435111757,156,1,29eivb29gou424q4a95jjhfji6,11/18/23,16:15:58
1249,118321086,158,1,g2pgdj7rkqbu30d3v4qpaii4tm,11/18/23,19:22:35
1250,187300757,159,1,cnhiavrvkju67614vet0sdhqep,11/18/23,21:02:41
1251,187300757,156,1,cnhiavrvkju67614vet0sdhqep,11/18/23,21:02:47
1252,140,152,1,e47b5dikqb9jjmfrc999h22lh9,11/18/23,21:20:26
1253,918793688,158,1,rr0gts7n4eevg22j38tv5keb8d,11/18/23,22:03:59
1255,847779040,136,1,a1nfegja46hjlalp4f39cks420,11/19/23,00:31:01
1256,262422969,158,1,vt8fe5eobi2qf67s1r433cpp33,11/19/23,01:31:43
1257,53,158,1,u3vci5e448mjq2igb3ldbamu2f,11/19/23,01:33:17
1258,53,159,1,u3vci5e448mjq2igb3ldbamu2f,11/19/23,01:33:25
1259,53,160,1,u3vci5e448mjq2igb3ldbamu2f,11/19/23,01:33:27
1260,53,162,1,u3vci5e448mjq2igb3ldbamu2f,11/19/23,01:33:40
1261,53,161,1,u3vci5e448mjq2igb3ldbamu2f,11/19/23,01:35:51
1262,415741823,159,1,rnensj6hdhhe4u8p0h6pq5qoir,11/19/23,02:20:33
1263,185840696,159,1,685hl0mv21nbult23qamt96f2e,11/19/23,02:23:26
1264,34,159,1,17bhloen7t5p2b40ndsc29q2pn,11/19/23,03:04:31
1265,683058076,158,1,70dl4g39dq34sf8e66hmsug5bc,11/19/23,08:57:34
1266,902326969,146,1,df36mfujqgnv5rod5v7eueb8g4,11/19/23,09:38:46
1267,902326969,152,1,df36mfujqgnv5rod5v7eueb8g4,11/19/23,09:38:52
1268,764759387,158,1,she9g5n9jk15ojmkub9p5ce7bl,11/19/23,11:08:49
1269,98,162,1,fk8sdk6iv28knqk3qthp0t0ie8,11/19/23,11:47:08
1270,244719528,158,1,5otsi2rvvgji40mba2vrg9c30v,11/19/23,12:13:37
1271,103,140,1,3ro2p65ok3a9b2b7dcbr1vq4e7,11/19/23,12:36:08
1272,760733317,150,1,k9qpc7tfn3irg3vgrkvjci904f,11/19/23,12:56:43
1273,510109642,152,1,oqj87uruevfot56dhjiu06h25g,11/19/23,14:06:34
1274,355406618,154,1,1ql4o9vgripoj8sp508o95e0ma,11/19/23,16:51:23
1275,742829786,159,1,0vqil3iqmm64ni65d68juqtgnc,11/19/23,17:39:51
1276,225401113,155,1,tka241btgnjha14lt6ev291bqi,11/19/23,20:30:18
1277,332136307,170,1,gisggqhsmhu7tv6d6s5or6g155,11/20/23,00:43:53
1278,217103011,155,1,1a7905vks0uo53o0j3mlepk022,11/20/23,01:02:13
1279,710299342,154,1,fasku3hkgjh26fcdg3eh7e63mu,11/20/23,01:51:54
1280,279332862,157,1,nqblivprq2nba936mtigk7tgh7,11/20/23,03:31:31
1281,134,187,1,babmek3o0edl19g5vlqf1etcdr,11/20/23,06:19:38
1282,134,159,1,jmghk16vnd3cn0dp1pr6ijkclj,11/20/23,06:24:18
1283,318412330,160,1,hqei82mcji08g74gmne375hcoa,11/20/23,07:58:37
1284,943098375,159,1,2msm54fcj2funma315pigrk3gu,11/20/23,08:43:05
1285,422747836,170,1,qqieijhlcfc6e1tpmis1v8eqnb,11/20/23,10:33:16
1286,34,159,1,0n0gol6abbegm9bsb3bgsfit3f,11/20/23,11:22:43
1287,34,164,1,0n0gol6abbegm9bsb3bgsfit3f,11/20/23,11:22:49
1288,34,165,1,0n0gol6abbegm9bsb3bgsfit3f,11/20/23,11:22:52
1289,34,169,1,0n0gol6abbegm9bsb3bgsfit3f,11/20/23,11:23:11
1290,34,171,1,0n0gol6abbegm9bsb3bgsfit3f,11/20/23,11:23:17
1291,34,178,1,0n0gol6abbegm9bsb3bgsfit3f,11/20/23,11:27:01
1293,866250539,163,1,i2ah9lgtiqauo6v1db3upatv4r,11/20/23,11:55:23
1294,866250539,167,1,i2ah9lgtiqauo6v1db3upatv4r,11/20/23,11:55:32
1295,866250539,168,1,i2ah9lgtiqauo6v1db3upatv4r,11/20/23,11:55:39
1297,826594835,177,1,s2p6b7ob26bp73r2oq9j8u394h,11/20/23,12:10:13
1298,826594835,163,1,s2p6b7ob26bp73r2oq9j8u394h,11/20/23,12:10:26
1299,826594835,167,1,s2p6b7ob26bp73r2oq9j8u394h,11/20/23,12:10:38
1300,826594835,168,1,s2p6b7ob26bp73r2oq9j8u394h,11/20/23,12:10:43
1301,418849428,165,1,hvf4vvh7glg93fosraglnfjq5s,11/20/23,12:13:22
1302,985496974,159,1,k3qkc3aiv8qluv4pj0hipss3to,11/20/23,12:46:51
1303,648824540,159,1,e4vm3fdcu9cv2jjbcccr2n5vpd,11/20/23,16:10:59
1304,823173185,156,1,gdfepp37uqaus08rn1km0i0cc7,11/20/23,17:14:13
1305,872650255,156,1,elmh8n1mrhiq62pa06nqv6kfsu,11/20/23,17:21:47
1307,311488818,170,1,citanr6b4js4rh58362tvunegd,11/20/23,20:20:34
1308,757630775,159,1,42jbkidh77jai5mft75sr0ii01,11/20/23,20:59:00
1309,975693250,140,1,0mqf67h6j7lb1tgvgfkndf1b2g,11/20/23,21:34:51
1310,900759493,156,1,jgiiv7ltj6qgq5rqcgvk0vln99,11/20/23,21:40:33
1311,139,187,1,0mqf67h6j7lb1tgvgfkndf1b2g,11/20/23,21:47:56
1312,139,169,1,0mqf67h6j7lb1tgvgfkndf1b2g,11/20/23,21:48:24
1313,139,172,2,0mqf67h6j7lb1tgvgfkndf1b2g,11/20/23,21:49:52
1314,648501585,162,2,16k8abo2j0hjr0ii6av6p7csp7,11/20/23,23:21:26
1315,260512364,163,1,lmau6e6gaqbauh97pe56e50vmh,11/21/23,06:28:05
1316,260512364,168,1,lmau6e6gaqbauh97pe56e50vmh,11/21/23,06:29:59
1317,260512364,170,1,lmau6e6gaqbauh97pe56e50vmh,11/21/23,06:30:07
1318,260512364,165,1,lmau6e6gaqbauh97pe56e50vmh,11/21/23,06:30:15
1319,139,140,1,dob5jufqds5ofgr6gupufqt8di,11/21/23,09:46:31
1320,139,187,1,dob5jufqds5ofgr6gupufqt8di,11/21/23,09:46:53
1321,139,169,1,dob5jufqds5ofgr6gupufqt8di,11/21/23,09:47:15
1322,650056691,140,1,2k4c3gj9g6nmjue4ddu5tc4qjk,11/21/23,12:03:49
1323,139,190,1,elcpet4pjod6qu8f78lmu1vure,11/21/23,14:49:06
1324,933994292,159,1,lkh4ukee97suvkk0tk9rgj0td9,11/21/23,15:46:59
1325,793580402,159,1,fhm3kilsjtmcp3uhu728mh6the,11/21/23,15:55:00
1326,118303976,165,1,31a5192pa410ofm288hhfknho8,11/21/23,17:24:16
1327,226807810,159,2,90df8mj1nvp00eitrfgp4a8kd6,11/21/23,22:06:31
1329,779100871,157,1,8pqkqdghfp9la3g98rhl1rtapq,11/21/23,23:31:48
1330,373847753,188,2,0ku4su6tssntjsu5errlitg5jo,11/22/23,11:10:20
1331,400953234,157,1,sfqn1o8lpohkfg7b8goa5ujmoe,11/22/23,11:47:39
1332,285207591,140,1,c3nneo1ttdk84doqueu9rlpa49,11/22/23,12:35:15
1333,769358217,140,1,sdco90ca0fohgn32q2a8d9198f,11/22/23,12:37:59
1334,16,157,1,s3dfmhh0c5hd0d7v4fmu9t6lg2,11/22/23,12:52:33
1335,16,156,1,s3dfmhh0c5hd0d7v4fmu9t6lg2,11/22/23,12:52:49
1336,591806932,159,1,nnpa21fuua1ri6vubd2nbalq74,11/22/23,17:51:47
1337,53,157,1,tihnr22obu0bqk2nfcupr97fko,11/22/23,18:57:41
1338,421630532,172,1,glsf5sg4jqgub4q03emum7lo8p,11/22/23,20:49:05
1339,813952446,172,1,eubmj0tjk7df9do8hsfh631lbj,11/22/23,20:52:49
1340,268452110,159,1,qc8viss9lpmer7hji1o2okv2g8,11/22/23,21:12:15
1341,852764826,140,1,n3a27ldsm9089re45m0pfsi881,11/22/23,21:34:48
1342,155541666,163,2,3gtmi5urp8f7g3tpd6p8a51jbi,11/22/23,22:06:16
1343,155541666,168,1,3gtmi5urp8f7g3tpd6p8a51jbi,11/22/23,22:06:39
1344,155541666,170,1,3gtmi5urp8f7g3tpd6p8a51jbi,11/22/23,22:06:59
1345,662113024,140,1,rt196luek1idsm5csrsj9t2pgu,11/22/23,22:20:39
1346,608590222,140,1,43081cq9rq2i1bknrj5iguktkl,11/22/23,22:33:49
1347,660106862,159,1,37pcqg7n0h9er42ogp0prnucme,11/22/23,22:55:17
1348,913100768,171,1,i66atps8pki9t9ckhursj1v6tr,11/23/23,00:34:04
1349,61,171,1,ku53qdnrdr4qna4num69rsjo58,11/23/23,00:36:52
1350,567029486,159,1,sv8nff7ln7bdka1kk4ovspa3o0,11/23/23,00:43:10
1351,884987760,159,1,3uc2q0gd2ldjm4nnilbdf813o4,11/23/23,11:48:02
1352,760152324,150,1,hn08ajdee5u94e4vofqoej4ure,11/23/23,19:20:17
1353,682253887,150,1,homfrvlittivgqa4nc0re1d14s,11/23/23,22:00:19
1354,682253887,155,1,homfrvlittivgqa4nc0re1d14s,11/23/23,22:00:23
1355,50,156,1,o679cqvu7fj14eu4usri8jvqs3,11/23/23,22:10:18
1357,264039103,165,1,qipgfs7hef30rs2crghvvusgt4,11/23/23,22:18:35
1358,264039103,166,1,qipgfs7hef30rs2crghvvusgt4,11/23/23,22:20:40
1359,222883756,167,1,qftum6u31djeo72j4fg55tc58f,11/23/23,22:32:26
1360,881039022,163,1,dno9qfd8lkg2cf65l4krcbjhs8,11/23/23,22:33:32
1361,962257397,181,1,e35oq9ce4m4hjvusfgb9gmbhi0,11/23/23,22:38:18
1362,962257397,165,1,e35oq9ce4m4hjvusfgb9gmbhi0,11/23/23,22:39:58
1363,123,156,1,rf220gqj3srnucu44j01pj9s9u,11/23/23,22:40:48
1364,534391855,164,1,h0moh7i1rkr99cb26junrj8bj2,11/23/23,22:41:04
1365,962257397,184,1,e35oq9ce4m4hjvusfgb9gmbhi0,11/23/23,22:41:07
1368,3,168,1,4vdd00ltmsdtedba5jtp7ggcio,11/23/23,22:43:48
1369,483940785,140,1,pqbna6h8oji5dec9seukkl6dmo,11/23/23,22:49:37
1370,98,163,1,salcnbgojioj8l8jl1bpt22ao4,11/23/23,22:51:25
1371,98,164,1,salcnbgojioj8l8jl1bpt22ao4,11/23/23,22:51:29
1372,98,165,1,salcnbgojioj8l8jl1bpt22ao4,11/23/23,22:51:37
1373,98,166,1,salcnbgojioj8l8jl1bpt22ao4,11/23/23,22:51:39
1374,880275458,166,1,pgjsauieklelivggdrcbaf6r09,11/23/23,22:58:40
1375,880275458,170,1,pgjsauieklelivggdrcbaf6r09,11/23/23,22:59:00
1376,102,156,1,63d7ikfr9mhsescccud0gs0agh,11/23/23,23:23:51
1377,949461134,150,1,3ck914cj3jo2hc8ooq5m2m1usk,11/23/23,23:25:45
1378,102,165,1,63d7ikfr9mhsescccud0gs0agh,11/23/23,23:26:09
1379,323967313,179,1,fa1jd8d3rsgd40an1vs8lrfvmp,11/23/23,23:36:06
1380,88,187,2,fa1jd8d3rsgd40an1vs8lrfvmp,11/23/23,23:37:30
1381,88,185,1,fa1jd8d3rsgd40an1vs8lrfvmp,11/23/23,23:38:49
1382,769814357,159,1,k8oc1pd2iij4qc2uv45m2sc79c,11/24/23,00:23:23
1383,153889512,170,1,506q9jpf9rgl0edocgapch712j,11/24/23,00:24:54
1384,625037757,170,1,pnkod1jaajisv90vg48i2r8l2d,11/24/23,00:25:58
1385,151,155,1,f03skff5qtnisvb0k5hp63765v,11/24/23,00:42:39
1386,138981958,166,1,mq7q4pddrk4b5lkv2s77rfj7e4,11/24/23,00:43:08
1387,632604175,164,1,rl7p3shraa69h6aiov28si2mek,11/24/23,00:57:51
1388,632604175,165,1,rl7p3shraa69h6aiov28si2mek,11/24/23,00:58:01
1389,377309345,170,1,spfgp7obf8pt3u3597itmoof6g,11/24/23,00:58:35
1390,636181434,164,1,5ldi6r74kfb3h4u3rtjbrccqm3,11/24/23,01:05:09
1391,524605880,168,1,tes8qdo61bi8rq7rkltrbdr5pc,11/24/23,01:06:14
1392,881838060,172,1,amls1gm764vspk60t4k83e4stn,11/24/23,02:49:02
1395,873428864,154,1,cdgscd0jo4ctk34qkv03afr2u7,11/24/23,06:01:40
1397,796297678,168,1,k5g2onbf2ak73s749jnu91k3la,11/24/23,06:12:01
1398,796297678,170,1,k5g2onbf2ak73s749jnu91k3la,11/24/23,06:12:14
1399,153,168,1,novjti6kv3202om7t1thjf03p0,11/24/23,06:18:25
1401,371881456,187,1,vsjv6fqs9polouee182qt3vi6q,11/24/23,06:21:03
1403,217549043,156,1,jnvqcusvpcg3uvbmhvv2vctmha,11/24/23,08:11:28
1405,507564864,173,1,ufhf4id4glfsn8iss0f45jjc8a,11/24/23,08:33:44
1406,489573756,173,1,4f1bns18joakibokq58h9u167p,11/24/23,08:35:01
1407,627970654,168,1,gumfmpsbolhsokbs0hjkiq4tig,11/24/23,08:35:44
1408,150031859,168,1,rdkm7sh9da3fs7goq6ri29bu03,11/24/23,08:37:50
1409,154,165,1,5m0tollp6emu9619aidfnnnecd,11/24/23,08:39:17
1410,152,172,1,dd8hjb3n2figf55499jcr1pstp,11/24/23,08:43:15
1411,152,173,1,181sb6obemdtk6ohurk470qaop,11/24/23,08:46:21
1412,282360516,163,1,j4llj52v6m7sdtr6kb3e7f65a7,11/24/23,08:46:50
1413,295417419,171,1,mrvi4io54ag4lpd9cnh4evu7rq,11/24/23,09:01:59
1414,295417419,172,1,mrvi4io54ag4lpd9cnh4evu7rq,11/24/23,09:02:06
1415,283962460,168,1,5bsh8m8unssg53naja74a9g10e,11/24/23,09:06:28
1416,153,170,1,309oemfob6kig36d71iiefrkg7,11/24/23,09:09:04
1417,153,172,1,309oemfob6kig36d71iiefrkg7,11/24/23,09:09:22
1418,269564364,174,1,hgcf5c1c4qnas8c0ip8qg41alp,11/24/23,09:34:13
1419,689045585,173,1,7kl81a3im1ap2atjg2ih99std7,11/24/23,10:07:32
1420,936438289,156,1,f1ks0bsurv72im5apgdbjbttmf,11/24/23,10:39:23
1421,872988589,173,1,bgckfbr8jp4sr0endgok487iq2,11/24/23,12:14:30
1422,122,156,1,gr07ovf91qm209mbvpajojlvl6,11/24/23,13:06:18
1423,697399492,173,1,3qqs00eujinvfg984gsv6113qg,11/24/23,13:10:49
1424,697399492,172,1,3qqs00eujinvfg984gsv6113qg,11/24/23,13:11:08
1425,145635122,156,1,ht4au77frjkleu3v496qpdg4qr,11/24/23,13:16:33
1426,110227601,169,1,2dlcesgvbcjg1n9frvlt1ejqbf,11/24/23,13:25:53
1427,563967845,159,1,suoiv6j5ai7971tl5fomc4108c,11/24/23,13:38:48
1428,439085657,155,1,5jcensr8ue1un0qq15qsu8lnr2,11/24/23,14:54:13
1429,198646425,174,1,67mvfi45iturn4lkdhm32mjd5g,11/24/23,15:09:31
1430,272511408,154,1,pulcf24877rm9kac6ai9m53nnj,11/24/23,15:52:57
1431,314979200,159,1,202jg6eu8p2skho3d4tthrvrbq,11/24/23,16:24:52
1434,829783961,156,1,qc6vp7epmspfqgohff3supj1ts,11/24/23,16:35:07
1435,966525346,140,1,umi86gkda5kraa6uivtrgaanhh,11/24/23,16:53:01
1436,321072838,140,1,upme2jvqvsh27onjj7elfeeb52,11/24/23,16:56:07
1437,845284592,140,1,k63k62g67ee7ek00024j6m1m9b,11/24/23,16:57:41
1438,943714275,156,1,j9t2ruoku5mnho21mqofn8dm12,11/24/23,17:01:14
1439,973261661,167,1,ge87qafvq9td8sno659kp1dnfp,11/24/23,17:03:50
1440,149050942,154,1,regf433slujn13r87jld84shmu,11/24/23,17:25:26
1441,147522142,176,1,r3ue84vfacvj01pu542m16kirq,11/24/23,18:47:06
1442,155,176,1,0kia98rprk31286177ova81eci,11/24/23,19:00:28
1443,469623211,156,1,3keip524a4btv0gli3vtsu8g0m,11/24/23,19:22:19
1444,155745692,164,1,ed20e808qng50qpvr38p7lmbm3,11/24/23,19:37:04
1445,155745692,165,1,ed20e808qng50qpvr38p7lmbm3,11/24/23,19:37:13
1446,561527551,159,1,etu0s63hob1s8djunud0adk8vs,11/24/23,20:12:32
1447,631741842,159,1,sqfbtf12jt20ukhg6mm91717jl,11/24/23,21:06:43
1448,245489658,187,1,18qfbet7v11norl6fm8k9g7f5o,11/24/23,21:40:42
1449,960520970,140,1,dk9d62tmbegh22qvlaer9nfccn,11/24/23,21:43:48
1450,520913327,172,1,in10gu6s846j7tg3ul9tk6edbr,11/24/23,21:43:50
1451,520913327,176,1,in10gu6s846j7tg3ul9tk6edbr,11/24/23,21:47:30
1452,935194727,174,1,8dg0ik9ks8r77ebedsd2ria8s0,11/24/23,22:06:28
1453,108560126,154,1,pj2k7ii5iueglu71uokoc17a93,11/24/23,22:14:42
1454,108560126,171,1,pj2k7ii5iueglu71uokoc17a93,11/24/23,22:17:10
1456,592055501,176,1,olvajge6blu363eu66gfuv4kph,11/24/23,22:20:35
1457,114388536,154,1,en96a3mv59qnnp62rn5epfg7qo,11/24/23,22:24:11
1458,488111533,159,1,n93gdudloca1227lcakaofh0nr,11/24/23,23:13:13
1459,837930219,168,1,ba6258fl4tgc07mcev63t43anv,11/24/23,23:22:10
1460,88,182,1,fa1jd8d3rsgd40an1vs8lrfvmp,11/24/23,23:39:46
1461,950282862,162,1,ckhkqvevubuurd47up3lehf0um,11/24/23,23:42:27
1462,950282862,172,1,ckhkqvevubuurd47up3lehf0um,11/24/23,23:43:13
1463,950282862,177,1,ckhkqvevubuurd47up3lehf0um,11/24/23,23:43:17
1467,140,156,1,fufn5p4j4pj9ed52ie7jsfnp1l,11/25/23,01:17:30
1468,537935957,175,1,2ql2q62hcuedjm7cdgn8epa15m,11/25/23,08:05:12
1469,718197826,166,1,5ifn7caj8upke98f0k7nli2241,11/25/23,08:29:30
1470,359001059,170,1,ekmakib7at90svm05m5usvf6a7,11/25/23,09:06:01
1471,114,159,1,km08gh5thn7dq2380ng184cl2a,11/25/23,11:45:45
1472,156,154,1,3qbgubitivro6208usrn9q8iq9,11/25/23,11:52:08
1473,155863493,159,1,udjst5ismblftoovbqpvrca6jh,11/25/23,13:33:26
1474,334502645,187,1,df2h6t4rjmrl1rjf400dnks4k8,11/25/23,15:30:13
1475,783726714,156,1,v8c1ucvhrff0hgef3jtrn54vsq,11/25/23,16:39:24
1476,729501325,167,1,q03icgf6adg6n2pen6elqpg16v,11/25/23,17:20:01
1477,679324397,171,1,0ku4su6tssntjsu5errlitg5jo,11/25/23,18:30:26
1478,679324397,172,1,0ku4su6tssntjsu5errlitg5jo,11/25/23,18:30:31
1479,316894624,171,1,ciqnfaqsnapa05l6hhrnvoh5ic,11/25/23,18:32:32
1480,316894624,172,1,ciqnfaqsnapa05l6hhrnvoh5ic,11/25/23,18:33:24
1481,650981563,162,1,2qpvsbfhp78stj10req6rsvntq,11/25/23,18:38:06
1482,51,156,2,64m1gjvvv4eer0ksci2as3g0ro,11/25/23,18:59:10
1483,136215612,156,1,kb8rqr9t2vsqa5n1f3qdqgoemd,11/25/23,20:19:15
1484,454342131,156,1,qr4ea1tchdkevv9829inq9qg8i,11/25/23,20:45:33
1485,353312205,156,1,b9m9vq3fu65dlurqcnfputu55s,11/25/23,22:30:50
1486,907413322,156,1,hen50090mp0ma8h47urqbvv6ro,11/26/23,00:47:39