salesorderid,userid,shoppingcartid,orderdate,order time,creditcardapprovalstatus,totalamountbeforediscount,bundlediscount,coupondiscount,classcredit,totalamountpaid
1,690037110,qkvt9dp61up1cigneh56bq4fdm,8/23/23,13:52:00,Succeeded,16.00,0.00,0.00,0.00,16.00
2,690037110,6o1r9gl3ini1ja2t2cklqp6fna,8/23/23,16:11:51,Transfer Class Only,16.00,0.00,0.00,16.00,0.00
3,714878286,87fc1t4dhsqb850pcfj25cjvum,8/23/23,18:39:50,Succeeded,16.00,0.00,0.00,0.00,16.00
4,157747870,004520g1lc6q3o9stknte19pao,8/23/23,19:07:23,Succeeded,16.00,0.00,0.00,0.00,16.00
5,811296478,1lnhgh477oapo3kveg5ka64tfb,8/24/23,08:54:38,Succeeded,16.00,0.00,0.00,0.00,16.00
6,452282372,j4c0dmgr0jauqukdf44hsce4pa,8/24/23,11:35:41,Succeeded,16.00,0.00,0.00,0.00,16.00
7,3,od221schlje2erkruqdsjk4ojc,8/24/23,11:39:39,Succeeded,16.00,0.00,0.00,0.00,16.00
8,3,2038t2jf5oikdedcqkosudgflq,8/24/23,11:54:27,Succeeded,16.00,0.00,0.00,0.00,16.00
9,720409547,qo2ofplmlrkjhg60a0eah5eop8,8/24/23,14:11:11,Succeeded,12.00,0.00,0.00,0.00,12.00
10,532816756,fgpg1ju3hpkrn4ansm4h0te4qo,8/24/23,17:58:30,Succeeded,12.00,0.00,0.00,0.00,12.00
11,532816756,keknk7h2aeqt74apl0l5nhhqi6,8/24/23,18:00:47,Succeeded,16.00,0.00,0.00,0.00,16.00
12,751954509,0u2l4una0tr4k7qe2nketlufgg,8/24/23,19:22:37,Succeeded,12.00,0.00,0.00,0.00,12.00
13,5,a33n2ukt45b9be1nui37amne4u,8/24/23,20:42:59,Succeeded,32.00,0.00,0.00,0.00,32.00
14,652147584,s1vpbq8a4q79sn3vgh86ssdh68,8/24/23,20:43:26,Succeeded,32.00,0.00,0.00,0.00,32.00
15,487125695,ab6cg6mepk0ch6ighjr2q1np1a,8/24/23,21:16:02,Succeeded,32.00,0.00,0.00,0.00,32.00
16,603859184,1s6dfnsq1c4had262tvq0ipmuh,8/25/23,10:30:32,Succeeded,16.00,0.00,0.00,0.00,16.00
17,926050482,fme5jen9v8bgh9q1g86hu0qtii,8/25/23,10:38:51,Succeeded,16.00,0.00,0.00,0.00,16.00
19,538314297,76kbks9ouf2t9417h1v2ur27ge,8/25/23,12:46:51,Succeeded,16.00,0.00,0.00,0.00,16.00
20,488099731,76nf2k7df8c41mr27k85b56sop,8/25/23,13:08:44,Succeeded,16.00,0.00,0.00,0.00,16.00
21,883842144,meaubeec4m64qlui4ipeo5cv6b,8/25/23,18:17:27,Succeeded,16.00,0.00,0.00,0.00,16.00
22,225877932,26s96nu6q2iq1vdjr89vnsdcil,8/25/23,20:32:53,Succeeded,16.00,0.00,0.00,0.00,16.00
23,401996030,8thhqu1g1a65293tsuidtcu0eb,8/26/23,00:32:58,Succeeded,16.00,0.00,0.00,0.00,16.00
24,594594502,2lm4h8krfu7ki0cgef1ocijmt3,8/26/23,10:11:55,Succeeded,16.00,0.00,0.00,0.00,16.00
26,624267972,a3d0gbv85e1h1plsr0ibt4ujl0,8/26/23,11:18:29,Succeeded,16.00,0.00,0.00,0.00,16.00
27,189589627,tirkghbpfcobclekfc4o0hb09v,8/26/23,14:07:27,Succeeded,16.00,0.00,0.00,0.00,16.00
28,10,gqnjqqj2cp8hpaipqfs3ist3u1,8/26/23,18:34:27,Succeeded,16.00,0.00,0.00,0.00,16.00
29,11,vaog45tgavlu0j9bhu0jpv4ao7,8/26/23,20:50:02,Succeeded,32.00,0.00,0.00,0.00,32.00
30,203432806,rfun0je5hasciftsfk3n40vj1r,8/26/23,22:28:34,Succeeded,16.00,0.00,0.00,0.00,16.00
31,292823436,075bv1s1vqqlbvdn7o7d9qgtat,8/27/23,10:32:54,Succeeded,16.00,0.00,0.00,0.00,16.00
32,208604371,tv8ct4a0esnhbf6iveat5nvtbf,8/27/23,12:29:48,Succeeded,16.00,0.00,0.00,0.00,16.00
34,12,h9k8nc4d54fjtv0d1p755uhvlj,8/28/23,15:17:44,Succeeded,48.00,0.00,0.00,0.00,48.00
35,3,1e7642k977b4igna20sse9ledm,8/28/23,21:25:07,Transfer Class Only,16.00,0.00,0.00,16.00,0.00
36,738602511,hdji8mu27ufidfqjtf9m56jdam,8/29/23,20:20:10,Succeeded,16.00,0.00,0.00,0.00,16.00
37,13,iuf46262e7or09rru75t43sdm8,8/30/23,18:36:29,Succeeded,16.00,0.00,0.00,0.00,16.00
38,393379859,0cflvqe6h6pvpfpnp6trev2u02,8/30/23,23:44:52,Succeeded,16.00,0.00,0.00,0.00,16.00
39,819455817,9n0ph18mu44d4hhedes4fp7bgt,9/1/23,09:56:14,Succeeded,16.00,0.00,0.00,0.00,16.00
40,14,51kb59j20mkkkabehli2s07jpl,9/1/23,11:35:16,Succeeded,16.00,0.00,0.00,0.00,16.00
44,775435705,mtmqoeb5t3b4nvv9hfs49hjidt,9/1/23,14:57:30,Succeeded,16.00,0.00,0.00,0.00,16.00
45,16,s815sk74qfq05v7gmg5k5onmtt,9/1/23,17:13:09,Succeeded,48.00,0.00,0.00,0.00,48.00
47,17,9c223seprg72m5amefj861uk1r,9/1/23,23:29:05,Succeeded,16.00,0.00,0.00,0.00,16.00
48,796846542,7c1o9ja032qbt0oohoblkr4rk7,9/2/23,11:40:10,Succeeded,16.00,0.00,0.00,0.00,16.00
49,703136007,gost0jns3aiggmfk0e7vnggh5i,9/2/23,12:01:53,Succeeded,16.00,0.00,0.00,0.00,16.00
50,281067546,odb86ormq4a0258jvcgd9vjqeo,9/2/23,12:45:18,Succeeded,16.00,0.00,0.00,0.00,16.00
51,625272319,an7tq2s1smavaf44jha8e73caa,9/2/23,14:28:57,Succeeded,16.00,0.00,0.00,0.00,16.00
52,625272319,u6858630pgd1nbspt0e22khled,9/2/23,14:29:03,Succeeded,0.00,0.00,0.00,0.00,0.00
54,233372290,v8b9p5b0v0vpmke91cknpgc6e7,9/2/23,15:47:44,Succeeded,16.00,0.00,0.00,0.00,16.00
55,377781900,3hvmrlu3e552ll28a4q0rono8j,9/2/23,17:58:00,Succeeded,16.00,0.00,0.00,0.00,16.00
56,385365929,de0ogqisnh076uptp5p0qntrlj,9/2/23,19:31:43,Succeeded,16.00,0.00,0.00,0.00,16.00
57,19,b1roug37dgod60n945gi1cnjtj,9/2/23,23:29:41,Succeeded,16.00,0.00,0.00,0.00,16.00
58,258784179,tbpbj59nr4tpu5dav7th6vfk6f,9/3/23,20:41:29,Succeeded,16.00,0.00,0.00,0.00,16.00
59,592554061,4jljmn9dl73s2jrian3cfnmd2c,9/4/23,15:53:45,Succeeded,28.00,0.00,0.00,0.00,28.00
60,592554061,jlnr65rk4m17uoljgv8e5n3ula,9/4/23,15:53:48,Succeeded,0.00,0.00,0.00,0.00,0.00
61,16,loht75g5jt05h7gkorbhbih0be,9/4/23,17:37:07,Succeeded,16.00,0.00,0.00,0.00,16.00
63,643620503,5npd359dlsj64poldmqno33jpj,9/5/23,15:22:08,Succeeded,12.00,0.00,0.00,0.00,12.00
64,735674048,uhjvf8ggoij14651o4c7d9her8,9/5/23,17:22:36,Succeeded,32.00,0.00,0.00,0.00,32.00
65,20,hbj4u8jl336tll6om9tmkvr2k4,9/5/23,22:52:44,Succeeded,16.00,0.00,0.00,0.00,16.00
66,766596493,hu1bkmdi2u2i314291e99334sk,9/6/23,08:42:34,Succeeded,16.00,0.00,0.00,0.00,16.00
67,206465601,im7iqfhdubmu1qmd0pu1ioj0ss,9/6/23,12:47:03,Succeeded,16.00,0.00,0.00,0.00,16.00
68,418134043,570k11tq05a408v8aqjlar9l5c,9/6/23,17:01:49,Succeeded,16.00,0.00,0.00,0.00,16.00
69,211423122,kadinmc1amj8ns1n9cqrto28fu,9/6/23,18:49:25,Succeeded,12.00,0.00,0.00,0.00,12.00
70,286251237,2h8m6dm0jgme03hen3sqpcd9pa,9/6/23,19:18:29,Succeeded,16.00,0.00,0.00,0.00,16.00
71,859318945,pj9o9b33naidp7ntlvf08je5nk,9/6/23,19:59:27,Succeeded,16.00,0.00,0.00,0.00,16.00
74,486858613,ilt0jcvs3q50clm945aqf5cgml,9/7/23,01:09:04,Succeeded,16.00,0.00,0.00,0.00,16.00
75,740211392,0ll1qrra4tofunbh0fqecp2m27,9/7/23,09:03:50,Succeeded,16.00,0.00,0.00,0.00,16.00
76,620079897,fdaoeoidopfsc8eosnt8d4j5bu,9/7/23,10:26:09,Succeeded,16.00,0.00,0.00,0.00,16.00
77,213117823,thnpb0ce28f11f60lgnelt8mch,9/7/23,16:20:13,Succeeded,12.00,0.00,0.00,0.00,12.00
78,298520445,ntp8vnehio5r1r30drubgt66kp,9/7/23,17:13:24,Succeeded,12.00,0.00,0.00,0.00,12.00
79,575693051,kpd6trcm6pql4con7bfmfdjnqp,9/7/23,17:16:49,Succeeded,16.00,0.00,0.00,0.00,16.00
80,343538693,hdo22av5aogqjjdnjho490ihnv,9/8/23,21:52:35,Succeeded,16.00,0.00,0.00,0.00,16.00
81,445135714,o64j5p1ikm6ti11mdi1rub6gk7,9/9/23,01:45:47,Succeeded,32.00,0.00,0.00,0.00,32.00
82,711827799,5oe6dsnj84s3hj5lamap2ddd79,9/9/23,10:25:03,Succeeded,16.00,0.00,0.00,0.00,16.00
83,430789491,d3b614e35lom4d5l1rng710hqo,9/9/23,11:08:58,Succeeded,16.00,0.00,0.00,0.00,16.00
84,947171977,6ctvkpfseic9log1ocbhqumlp3,9/9/23,12:18:44,Succeeded,16.00,0.00,0.00,0.00,16.00
85,192507190,7463kh5q8155kgmtctb9nst21t,9/9/23,12:42:27,Succeeded,16.00,0.00,0.00,0.00,16.00
87,873147559,t335gbmutf67gj1hpi11omu69b,9/9/23,14:10:26,Succeeded,16.00,0.00,0.00,0.00,16.00
88,530445823,a82d9hqs4epbcrigb31vbjc00s,9/9/23,17:54:08,Succeeded,16.00,0.00,0.00,0.00,16.00
89,10,9muf65jo5dibi7bpr20a3tmcpg,9/9/23,20:07:31,Succeeded,16.00,0.00,0.00,0.00,16.00
90,220628350,fltp3d1r1qhp6hpm05rr365v1c,9/9/23,21:40:22,Succeeded,16.00,0.00,0.00,0.00,16.00
91,766596493,hcolhudns78vuh9gk6equ6rg2d,9/9/23,22:56:20,Transfer Class Only,16.00,0.00,0.00,16.00,0.00
92,23,f6of34uk7p7v8oohqhvs28l7ja,9/10/23,13:28:31,Succeeded,16.00,0.00,0.00,0.00,16.00
93,475528264,92ri163b1bl20e9rg65lc242il,9/10/23,14:00:52,Succeeded,16.00,0.00,0.00,0.00,16.00
94,387286852,blj9r4rcio6gjsicp7vjifrdi8,9/10/23,14:39:36,Succeeded,16.00,0.00,0.00,0.00,16.00
95,24,pvs0sm2rfuphf52qobod7mfooo,9/10/23,21:38:20,Succeeded,16.00,0.00,0.00,0.00,16.00
96,854543731,tbdjts1o8p65ek4835acat0po8,9/11/23,15:23:15,Succeeded,16.00,0.00,0.00,0.00,16.00
97,786242047,qvpci52ri1ilreu575ae9c5ogp,9/11/23,15:42:37,Succeeded,16.00,0.00,0.00,0.00,16.00
98,104888081,8b0imt9hs79qr7iqhivbvcvqh7,9/11/23,19:44:49,Succeeded,16.00,0.00,0.00,0.00,16.00
101,429925096,qnsdjo0ffruu2a08cqonmoq9pv,9/12/23,15:25:01,Succeeded,32.00,0.00,0.00,0.00,32.00
102,697427354,0opj4vg373tue8i1j8dvm94itb,9/12/23,15:51:27,Succeeded,32.00,0.00,0.00,0.00,32.00
103,560373509,o19uvuhb7ud1j1d3q4hf1b1sqe,9/12/23,18:01:41,Succeeded,16.00,0.00,0.00,0.00,16.00
104,692411769,8k5t4orn4hvv1r65ehb9gjt904,9/12/23,18:03:46,Succeeded,16.00,0.00,0.00,0.00,16.00
105,900080148,cvcllrfr8mj4ptcsqebf1iuhou,9/12/23,19:52:28,Succeeded,16.00,0.00,0.00,0.00,16.00
106,730618082,4jq4a1k5kusnebtrn3menud3df,9/12/23,19:53:43,Succeeded,16.00,0.00,0.00,0.00,16.00
107,361102489,206sg1crtct53q7p90v0dooj4f,9/12/23,21:11:32,Succeeded,16.00,0.00,0.00,0.00,16.00
109,189754534,apdti8rq7tlp35v01fkvdn8ipo,9/12/23,22:20:16,Succeeded,16.00,0.00,0.00,0.00,16.00
110,510153900,639smsp1kjsbj5mindkdo3upsu,9/13/23,14:14:47,Succeeded,16.00,0.00,0.00,0.00,16.00
112,20,pfpf7qodfgbftn75suejfb2m5n,9/13/23,18:48:50,Succeeded,32.00,0.00,0.00,0.00,32.00
113,569894131,6du27u87bg818r3rqak67l56o1,9/13/23,20:54:27,Succeeded,16.00,0.00,0.00,0.00,16.00
114,8,0k1iesv0u57kml9hko09f1pkln,9/14/23,18:40:05,Succeeded,16.00,0.00,0.00,0.00,16.00
115,868682456,vjsjfg4br10b74mkr6uq2qmp8n,9/14/23,21:26:35,Succeeded,16.00,0.00,0.00,0.00,16.00
116,949067998,isaqo2d6iu4bb26a32lah4qcup,9/15/23,03:15:36,Succeeded,32.00,0.00,0.00,0.00,32.00
117,26,9o8jqnii967h67hdg28rvf6pru,9/15/23,16:27:48,Succeeded,32.00,0.00,0.00,0.00,32.00
118,512676472,4tsmn6vonnpa5sekhfu1vhi4hf,9/15/23,20:45:45,Succeeded,16.00,0.00,0.00,0.00,16.00
119,846008464,9s1764i9t4eqnpt4cqm7husk3q,9/15/23,22:05:10,Succeeded,16.00,0.00,0.00,0.00,16.00
120,265965363,6uqj4fpl9si4qutkm2stp9el2m,9/15/23,23:09:36,Succeeded,16.00,0.00,0.00,0.00,16.00
121,864499246,gi6ih5qcrd4aetrghabuanhl08,9/16/23,09:42:18,Succeeded,16.00,0.00,0.00,0.00,16.00
123,161918050,lej0eedcepoujnqne7l0cll1lr,9/16/23,18:53:14,Succeeded,16.00,0.00,0.00,0.00,16.00
124,238007463,fuht9rq365f9dffqeo6ktu0m4o,9/16/23,18:53:59,Succeeded,16.00,0.00,0.00,0.00,16.00
125,247723126,1dlm5pf6hcutolm4fv253argrq,9/16/23,20:11:57,Succeeded,16.00,0.00,0.00,0.00,16.00
126,498805726,n23htceng6jgmip3v95v5es2lh,9/16/23,22:58:03,Succeeded,16.00,0.00,0.00,0.00,16.00
127,176251790,nf6kbrue4h586905j3r7b4o071,9/16/23,23:23:14,Succeeded,16.00,0.00,0.00,0.00,16.00
128,516395960,u3qril264qp6ugdctvr6p5lboi,9/17/23,09:49:49,Transfer Class Only,16.00,0.00,0.00,16.00,0.00
129,230500835,f1cmhdgqhq9dpjtcuellpdhjn8,9/17/23,11:10:48,Succeeded,16.00,0.00,0.00,0.00,16.00
131,833932730,ar5e94qieapb7t4crmahlaafpv,9/17/23,11:46:18,Succeeded,16.00,0.00,0.00,0.00,16.00
132,558647440,a704a9npn2cm9a11bh7fufua7b,9/17/23,12:13:01,Succeeded,16.00,0.00,0.00,0.00,16.00
133,882122243,7opt4pbh9hv2snc5m5t2ej8st0,9/17/23,12:25:01,Succeeded,16.00,0.00,0.00,0.00,16.00
134,111998015,kta6mohfs8v8kb0a5i6ag20ooc,9/17/23,13:15:17,Succeeded,16.00,0.00,0.00,0.00,16.00
135,599044111,lfvunhvfbdmecdhcg72el68jh8,9/18/23,16:46:01,Succeeded,16.00,0.00,0.00,0.00,16.00
136,29,uo8u0soceen477noa18fsll292,9/18/23,17:56:11,Succeeded,16.00,0.00,0.00,0.00,16.00
137,139814257,88qkcojgg3lb4u3qqrkfavj4ru,9/19/23,11:03:31,Succeeded,16.00,0.00,0.00,0.00,16.00
138,109704792,bu1kkadgl5ietbh8k98di4h52e,9/19/23,14:44:18,Succeeded,12.00,0.00,0.00,0.00,12.00
139,430200312,8t8hl9eb10d3spndr0ui67cah6,9/19/23,15:04:02,Succeeded,12.00,0.00,0.00,0.00,12.00
140,350018818,7gfd7s175ovq1onssem7vps0iq,9/19/23,18:59:12,Succeeded,16.00,0.00,0.00,0.00,16.00
141,132243361,5ul5dnp267guelpc29hi8dj64f,9/19/23,19:24:16,Succeeded,12.00,0.00,0.00,0.00,12.00
142,16,efepjn2712o1n5nufa7ik1n4iu,9/19/23,21:57:53,Succeeded,16.00,0.00,0.00,0.00,16.00
143,730407977,5fou06mqdi3ta7g5hhcok92ntv,9/19/23,23:02:40,Succeeded,16.00,0.00,0.00,0.00,16.00
144,599471353,h3fg8pv7i3omqqqdtrtkm726r1,9/20/23,01:22:12,Succeeded,16.00,0.00,0.00,0.00,16.00
145,328983256,54igqf5hdallbt2f87c90ihtkk,9/20/23,09:56:07,Succeeded,16.00,0.00,0.00,0.00,16.00
146,124087463,7mnq0kdfelsomlb1mvfp4cb8u0,9/20/23,12:51:40,Succeeded,16.00,0.00,0.00,0.00,16.00
147,124087463,5j8s7ottgpb1i293g92pj278bk,9/20/23,12:53:35,Succeeded,16.00,0.00,0.00,0.00,16.00
148,750192160,mr8qfdas8sdqa253tv0cj40jgm,9/20/23,19:32:43,Succeeded,16.00,0.00,0.00,0.00,16.00
149,398676045,mkf7qnhvnaaq7lfbckvekieekt,9/20/23,20:07:14,Succeeded,16.00,0.00,0.00,0.00,16.00
150,751634528,b2q7imu69knuch6rvh1v9r1hbm,9/20/23,22:13:24,Succeeded,16.00,0.00,0.00,0.00,16.00
151,882592557,9tbphheqcb1gk429mgjl63g9oe,9/21/23,17:09:09,Succeeded,12.00,0.00,0.00,0.00,12.00
152,23,m0p2o2q32gfvn2f52iibcl78qo,9/21/23,21:14:31,Succeeded,16.00,0.00,0.00,0.00,16.00
153,118798747,madhu9ueua3j7scitij890i0e7,9/22/23,08:59:23,Succeeded,32.00,0.00,0.00,0.00,32.00
154,482352304,jm5t6t4nifbrn7nt9n4jjiab2g,9/22/23,10:48:37,Succeeded,16.00,0.00,0.00,0.00,16.00
156,31,5og2q51289hbm308t4on00mlf7,9/22/23,15:34:38,Succeeded,16.00,0.00,0.00,0.00,16.00
157,32,6340ue1v7cjb30jvf1ch80783p,9/22/23,17:52:03,Succeeded,16.00,0.00,0.00,0.00,16.00
158,796041099,9r7q94mpecit5uk7m4fv9eci7h,9/22/23,17:54:27,Succeeded,16.00,0.00,0.00,0.00,16.00
159,393921843,uos77ve8j2b70itr098gmtruvj,9/22/23,19:08:12,Succeeded,12.00,0.00,0.00,0.00,12.00
160,441815562,ujh37nj2mstgt102lci1s1v18o,9/22/23,21:34:03,Succeeded,16.00,0.00,0.00,0.00,16.00
161,817348617,f0rvpapiauus536l42hguenv4v,9/22/23,21:38:10,Succeeded,16.00,0.00,0.00,0.00,16.00
162,549873972,rhlkp67iqhrci3qa96063v2634,9/22/23,21:45:22,Succeeded,16.00,0.00,0.00,0.00,16.00
163,548773014,dk0hkq2vr5nfrot53g6bib6bob,9/22/23,22:32:58,Succeeded,16.00,0.00,0.00,0.00,16.00
164,134876857,ub055kr16rp92n4k4q0p0vfa4v,9/23/23,11:09:40,Succeeded,16.00,0.00,0.00,0.00,16.00
165,602905812,a2juelh2n0mteudt8e3icdbvor,9/23/23,15:27:01,Succeeded,16.00,0.00,0.00,0.00,16.00
166,441910636,vud7350jbh8nmukmg92r9ke6t2,9/23/23,16:00:43,Succeeded,16.00,0.00,0.00,0.00,16.00
167,795583256,5ss0j8da738n6io7dlm7vtnbah,9/23/23,20:49:50,Succeeded,16.00,0.00,0.00,0.00,16.00
168,283720525,t8og59tga9mv11tkkmsoo30v0v,9/23/23,21:08:26,Succeeded,16.00,0.00,0.00,0.00,16.00
169,768817362,vvf5qsr58hulk2k663lk9614rs,9/24/23,10:00:44,Succeeded,16.00,0.00,0.00,0.00,16.00
170,318914205,0189bho4ie97tknt264i78ahne,9/25/23,01:06:44,Succeeded,16.00,0.00,0.00,0.00,16.00
171,858071499,7m2crsocgmpl7sf11hjphhi3lg,9/25/23,21:34:36,Succeeded,16.00,0.00,0.00,0.00,16.00
172,939553520,5nrdq8ea89l4p55qchckdvsm0c,9/26/23,19:53:46,Succeeded,16.00,0.00,0.00,0.00,16.00
173,420527548,mqn03u4gec4jv0l0p22up0rcqr,9/26/23,22:53:35,Succeeded,16.00,0.00,0.00,0.00,16.00
175,34,64i0dc10v72ktf39tbvccbu1fi,9/26/23,23:46:06,Succeeded,16.00,0.00,0.00,0.00,16.00
176,157663181,gj3b5m2qsr3b9cue7p2l86j9k8,9/27/23,00:37:25,Succeeded,16.00,0.00,0.00,0.00,16.00
177,938312496,hpii6hu5cqm4h5jsolph0gn0ec,9/27/23,11:54:03,Succeeded,16.00,0.00,0.00,0.00,16.00
178,36,a12flqtvape9e3gvujmpnu8b6k,9/27/23,16:13:00,Succeeded,16.00,0.00,0.00,0.00,16.00
179,35,60plpgiriel8j4q254c2ou5vum,9/27/23,17:43:52,Succeeded,16.00,0.00,0.00,0.00,16.00
180,915202674,negg08upv0ggi467o738d9l41l,9/27/23,17:46:51,Succeeded,16.00,0.00,0.00,0.00,16.00
181,296934759,ovdr8pjj79pfn3g4qf4dpag2im,9/27/23,18:43:56,Succeeded,16.00,0.00,0.00,0.00,16.00
182,363000256,uf6rr9h1gvr7581un2ce2bqvfc,9/27/23,19:19:12,Succeeded,12.00,0.00,0.00,0.00,12.00
183,939029701,8jvg0eg2tglb3gju52bkfo09eu,9/27/23,20:30:41,Succeeded,16.00,0.00,0.00,0.00,16.00
184,810641833,bslfrjvusa5emto6jcct6d96so,9/27/23,22:46:38,Succeeded,16.00,0.00,0.00,0.00,16.00
185,353081014,9aupdsg91ns02v4jm1it7c0159,9/28/23,01:19:06,Succeeded,16.00,0.00,0.00,0.00,16.00
186,353081014,no7jdb395k7tgkh1vudt9eda6g,9/28/23,01:21:40,Succeeded,16.00,0.00,0.00,0.00,16.00
188,551441742,vl17e6k95bjp7p37r38e9gj4pg,9/28/23,15:05:33,Succeeded,32.00,0.00,0.00,0.00,32.00
189,296915456,mle33n82c2oomi1cd2dch9m25c,9/28/23,20:42:09,Succeeded,16.00,0.00,0.00,0.00,16.00
190,110224487,ffobiata37kafm0n2km09bm8mf,9/29/23,21:33:09,Succeeded,16.00,0.00,0.00,0.00,16.00
191,238406954,4tbk3105ji4mdvldvgiogfebbi,9/30/23,01:06:49,Succeeded,16.00,0.00,0.00,0.00,16.00
192,32,vsigrups1o0kje0plt2lmojkah,9/30/23,09:31:41,Succeeded,16.00,0.00,0.00,0.00,16.00
193,964612694,i7o88mbeeg3hmn9oe4jk47abof,9/30/23,10:53:24,Succeeded,16.00,0.00,0.00,0.00,16.00
194,38,rbj441f4ck3r41jb5psir71nko,9/30/23,13:34:58,Succeeded,16.00,0.00,0.00,0.00,16.00
195,882789305,t16jn7td613j6echjctoqo28ic,9/30/23,14:07:10,Succeeded,16.00,0.00,0.00,0.00,16.00
196,804254131,sfp0irk9a7vf1f8elp44f5ltd2,9/30/23,15:27:57,Succeeded,16.00,0.00,0.00,0.00,16.00
197,40,m1ifbom50e7vk8794hhe7cqclv,9/30/23,16:19:10,Succeeded,16.00,0.00,0.00,0.00,16.00
198,814815634,qrfi0negeibvo1b00ac0bfholr,9/30/23,22:59:05,Succeeded,16.00,0.00,0.00,0.00,16.00
199,579050258,ie54aif3tfotuagpa83uln8qcn,10/1/23,00:42:40,Succeeded,16.00,0.00,0.00,0.00,16.00
200,283720525,oeqqev3lovaqe1v1e14qq3l89r,10/1/23,13:06:28,Succeeded,16.00,0.00,0.00,0.00,16.00
201,167765469,a8fesenfnig82uhcopkt7d8ktg,10/1/23,15:04:03,Succeeded,16.00,0.00,0.00,0.00,16.00
202,746111082,k52p0k45i8elqjap3maqj0mo5e,10/1/23,15:04:42,Succeeded,16.00,0.00,0.00,0.00,16.00
203,673282321,1jpppchu38c1rjj5dcguut6k16,10/1/23,15:20:11,Succeeded,16.00,0.00,0.00,0.00,16.00
205,141768209,99iv6qkdks0ln9bg9f1lu2epbm,10/1/23,23:49:12,Succeeded,16.00,0.00,0.00,0.00,16.00
207,213379301,od2c3rj3v0o33brvlterq407nu,10/2/23,12:27:10,Succeeded,32.00,0.00,0.00,0.00,32.00
208,963918446,iv986jldqd5u007h4lf4iamqc9,10/2/23,16:31:35,Succeeded,16.00,0.00,0.00,0.00,16.00
209,734119012,vrit9hmsrs164q58j4j9cthdb9,10/2/23,17:33:19,Succeeded,16.00,0.00,0.00,0.00,16.00
210,773366309,h2a47rd8apr14g8ffoq2p7tb2c,10/2/23,18:03:24,Succeeded,24.00,0.00,0.00,0.00,24.00
211,428906020,jf5thfp9i6nn6niokjpt9t96h1,10/2/23,22:15:16,Succeeded,16.00,0.00,0.00,0.00,16.00
212,428906020,u6130jl6g8btgt4romsq96fld0,10/2/23,22:15:21,Succeeded,0.00,0.00,0.00,0.00,0.00
214,567341933,reejmbav6a2ig45f1ssghsp4fs,10/2/23,22:54:38,Succeeded,16.00,0.00,0.00,0.00,16.00
215,34,8n8shujj0hfc9v757q575vii1h,10/3/23,09:21:09,Succeeded,16.00,0.00,0.00,0.00,16.00
216,378375794,1fke6kkmh1d16ipq1riio6f4k0,10/3/23,20:08:26,Succeeded,16.00,0.00,0.00,0.00,16.00
217,730741296,pvfdj0n4pjnf94hq5t7hpkpnat,10/3/23,22:11:06,Succeeded,12.00,0.00,0.00,0.00,12.00
218,624282504,fka9q092kb2lont2aink21o5hi,10/4/23,12:00:26,Succeeded,32.00,0.00,0.00,0.00,32.00
219,254098963,9l8elf855i74tujo2tat211sha,10/4/23,12:14:02,Succeeded,16.00,0.00,0.00,0.00,16.00
220,43,n3f5n7u3m6r8vr8h2v427dgj7h,10/4/23,21:31:15,Succeeded,32.00,0.00,0.00,0.00,32.00
221,44,jhp909v4lt4hso7ea0tgh768d9,10/4/23,22:13:15,Succeeded,32.00,0.00,0.00,0.00,32.00
222,17,h9hno1gn1c0pbvdb1nivq9rs6b,10/5/23,15:36:13,Succeeded,12.00,0.00,0.00,0.00,12.00
223,125819955,gcrp9djsin107k7tpnued59nld,10/5/23,18:26:57,Succeeded,12.00,0.00,0.00,0.00,12.00
224,199307630,c69qtkv0khdjir8b4j3r3th376,10/5/23,19:18:32,Succeeded,12.00,0.00,0.00,0.00,12.00
225,221579218,3tuhpm1e6tjldtrqnta1510n6k,10/5/23,19:36:10,Succeeded,12.00,0.00,0.00,0.00,12.00
226,45,po3ias3oqevbgpvgjhnn8m4j3g,10/5/23,19:55:51,Succeeded,16.00,0.00,0.00,0.00,16.00
227,47,ula8be6s7f8pv5qibju7kd33a2,10/5/23,22:59:00,Succeeded,16.00,0.00,0.00,0.00,16.00
228,222570735,tcvspbl0on4snrmv2vljqkok3t,10/6/23,10:22:34,Succeeded,16.00,0.00,0.00,0.00,16.00
229,365279985,j5n9k6hpkigvrbn53oim7dggc5,10/6/23,16:34:30,Succeeded,16.00,0.00,0.00,0.00,16.00
230,676776191,291lfo93l426ucrp91tit9mnsu,10/6/23,17:27:45,Succeeded,16.00,0.00,0.00,0.00,16.00
231,980586791,efd1j41fs7sptq2i8kq9d9rglu,10/6/23,19:22:38,Succeeded,12.00,0.00,0.00,0.00,12.00
234,337925739,j60heqfpp6pr0a062o6c81ub2c,10/7/23,17:16:53,Succeeded,16.00,0.00,0.00,0.00,16.00
235,671263227,go3dk9m2f1fu29038gnon40881,10/7/23,21:58:14,Succeeded,16.00,0.00,0.00,0.00,16.00
236,377518031,auq4psi2rfgrsao727sqhsmgts,10/8/23,03:01:41,Succeeded,16.00,0.00,0.00,0.00,16.00
238,898885246,5qub32hmqepao38g2sbkbfdb2g,10/8/23,13:51:12,Succeeded,16.00,0.00,0.00,0.00,16.00
239,317659611,0va4gd2ffhl89e381u8uu8l3gu,10/8/23,14:50:15,Succeeded,16.00,0.00,0.00,0.00,16.00
240,806172419,aeq6jst7gmd7hkpkv3aetuum88,10/8/23,15:18:14,Succeeded,16.00,0.00,0.00,0.00,16.00
241,51,jq2pitfj1vr57ud54hiku4gpjr,10/8/23,18:13:18,Succeeded,16.00,0.00,0.00,0.00,16.00
242,233372290,0eidr3n46rtvadamvrp6mk9gsh,10/8/23,18:21:22,Transfer Class Only,16.00,0.00,0.00,16.00,0.00
243,499542402,5sdjnattrc54l6381n9s2kmems,10/8/23,23:31:35,Succeeded,10.00,0.00,0.00,0.00,10.00
244,52,9pm7cj6f1t9ni7sc3v9r6fs1k6,10/9/23,10:03:06,Succeeded,16.00,0.00,0.00,0.00,16.00
246,718985265,ih4mg9e4ldmri4314q8430ptjn,10/10/23,10:44:43,Succeeded,16.00,0.00,0.00,0.00,16.00
248,54,g4hrlk98slsvls66bbtct3pf5e,10/10/23,12:05:42,Succeeded,16.00,0.00,0.00,0.00,16.00
249,531849233,1npl7o1ajgalgd1leo7h0l1nn2,10/10/23,17:07:20,Succeeded,16.00,0.00,0.00,0.00,16.00
250,884487352,4pjqfvcjk4d7gjg1nekadofstp,10/10/23,19:44:30,Succeeded,16.00,0.00,0.00,0.00,16.00
251,56,ma2mfvh8q47ntk5iraqiojva40,10/11/23,00:11:05,Succeeded,16.00,0.00,0.00,0.00,16.00
252,19,br6h2godv7a8q5d5j0cm69kf7a,10/11/23,11:00:33,Succeeded,16.00,0.00,0.00,0.00,16.00
253,758642092,s7256k77pfmaqbo00ciog3scsc,10/11/23,11:59:35,Succeeded,16.00,0.00,0.00,0.00,16.00
254,852040628,08fu7uc3107t7fuv5ch8hn4o3b,10/11/23,17:45:29,Succeeded,16.00,0.00,0.00,0.00,16.00
255,849584699,or7v39ur7nlgmoa8fpnlselbp9,10/11/23,17:55:43,Succeeded,16.00,0.00,0.00,0.00,16.00
256,775029465,22gpf48pnq3g5c9mg2h5phjpb6,10/11/23,18:06:05,Succeeded,16.00,0.00,0.00,0.00,16.00
257,884302935,vduvm3ef7m9l3b6cvo2m8iqiuj,10/11/23,18:18:06,Succeeded,16.00,0.00,0.00,0.00,16.00
258,57,9mhvongmpdgavmuh5t0rld5vjv,10/11/23,19:27:57,Succeeded,16.00,0.00,0.00,0.00,16.00
259,265448694,mn7b40mgd9gof020iri8ct078s,10/11/23,21:14:10,Succeeded,16.00,0.00,0.00,0.00,16.00
261,917155571,dcjque2vvrs5es6ecras1s9q69,10/12/23,04:04:19,Succeeded,16.00,0.00,0.00,0.00,16.00
262,899360820,1dsceu12edn6n56530mlkgje18,10/12/23,10:32:36,Succeeded,32.00,0.00,0.00,0.00,32.00
263,645889252,ed5c82elbj99rlrik9ahucnpq7,10/12/23,15:41:17,Succeeded,22.00,0.00,0.00,0.00,22.00
264,955483686,am394b9mpe0s7995sfo6v4gltk,10/13/23,14:42:27,Succeeded,16.00,0.00,0.00,0.00,16.00
265,233190431,6kk61u38211qgddqadjp276032,10/13/23,20:10:38,Succeeded,32.00,0.00,0.00,0.00,32.00
266,59,4c9isl5b1m5apoujk5vo13aobe,10/13/23,20:42:42,Succeeded,32.00,0.00,0.00,0.00,32.00
267,511312679,5407o05u0s8gjl3286jqhm4ros,10/13/23,21:14:39,Succeeded,16.00,0.00,0.00,0.00,16.00
268,604747330,1126iqm2v837s5q3g6iis6aksu,10/13/23,22:19:12,Succeeded,16.00,0.00,0.00,0.00,16.00
269,50,0n9m0al05eqkp3g6kdamt8kbqp,10/14/23,00:32:35,Succeeded,16.00,0.00,0.00,0.00,16.00
270,21,8bf3mug3qequurfq91k8dpu9vj,10/14/23,08:28:39,Succeeded,16.00,0.00,0.00,0.00,16.00
271,860363235,o6me7thbhvdahesp2t8f279rjn,10/14/23,09:12:49,Succeeded,16.00,0.00,0.00,0.00,16.00
272,650577946,alou8omk6kabs9v5ktke6ke83o,10/14/23,11:39:12,Succeeded,32.00,0.00,0.00,0.00,32.00
273,865551098,0d5nsb9kgar36vgam6tjs9ioc9,10/14/23,13:46:34,Succeeded,16.00,0.00,0.00,0.00,16.00
275,627312877,oie8nmtk60mpehi88h4jfomvbk,10/14/23,15:36:41,Succeeded,16.00,0.00,0.00,0.00,16.00
277,965212515,ugb76dd023dpnrni9qdspsm9dd,10/14/23,15:42:28,Succeeded,16.00,0.00,0.00,0.00,16.00
278,446552404,agmia0pj7mn1hq6tdm9chalqdq,10/14/23,15:46:38,Succeeded,16.00,0.00,0.00,0.00,16.00
279,60,qcp8kad9iqfbrtcvu71gtl1kub,10/14/23,17:35:06,Succeeded,20.00,0.00,0.00,0.00,20.00
280,941045526,7ccuqqagd5fn1s4bevk2q48cd9,10/14/23,18:01:21,Succeeded,16.00,0.00,0.00,0.00,16.00
281,49,02vu6q0durq1au2mvqpvdoh4e1,10/14/23,18:48:12,Succeeded,16.00,0.00,0.00,0.00,16.00
282,857615961,stc7p57euqtv45k520tt4m2nfa,10/15/23,00:16:12,Succeeded,16.00,0.00,0.00,0.00,16.00
283,953072141,2ek20f28lqa3d74r3i9cmq74qk,10/15/23,11:39:18,Succeeded,10.00,0.00,0.00,0.00,10.00
284,20,oic2991iihobkl62vcr88sjirl,10/15/23,22:30:53,Succeeded,32.00,0.00,0.00,0.00,32.00
285,49,lbhu1keqf718kpdkebbgsapvcs,10/15/23,23:31:14,Succeeded,16.00,0.00,0.00,0.00,16.00
286,438114233,mbkkgop10hngisbvtvb18vitsf,10/16/23,00:39:06,Succeeded,16.00,0.00,0.00,0.00,16.00
287,62,08n7g5mnm9raakeelqt4m2j27u,10/16/23,02:47:50,Succeeded,32.00,0.00,0.00,0.00,32.00
288,34,plti4ml6m9u20p82tfm3lc88ta,10/16/23,09:16:46,Succeeded,32.00,0.00,0.00,0.00,32.00
289,63,7hivn3lh9kcou77i213i5u6f8u,10/16/23,14:20:11,Succeeded,10.00,0.00,0.00,0.00,10.00
290,64,qra54ibr85bhl9c541jgqce4uh,10/16/23,15:50:14,Succeeded,16.00,0.00,0.00,0.00,16.00
291,51,iie4grqnk1bbfmf5neuqq7d9cv,10/16/23,15:53:06,Succeeded,16.00,0.00,0.00,0.00,16.00
292,167283878,m8dne1esjehkscfcnuir7nhjsk,10/16/23,16:59:28,Succeeded,16.00,0.00,0.00,0.00,16.00
293,817722118,sis200mb60pqru8paj9me3e2mi,10/16/23,18:22:53,Succeeded,16.00,0.00,0.00,0.00,16.00
294,65,ohpbbnj5i96ccgeab9a1sihu2d,10/16/23,20:19:46,Succeeded,16.00,0.00,0.00,0.00,16.00
295,65,oneksu96urjrg8u4n01qhn6fct,10/16/23,20:19:46,Succeeded,0.00,0.00,0.00,0.00,0.00
296,487209478,04rjd5n9u7hn7q2oohv1kg1kcs,10/16/23,20:51:48,Succeeded,16.00,0.00,0.00,0.00,16.00
303,517502398,9312jku1c3bh0md3dtlp5589jt,10/16/23,22:06:16,Succeeded,16.00,0.00,0.00,0.00,16.00
304,299034755,s11d27pidmou9k1h2bmdu9ih9g,10/16/23,22:11:00,Succeeded,10.00,0.00,0.00,0.00,10.00
305,66,dp84i2n0vgl8r9ckh6hafjk5r5,10/17/23,14:59:49,Succeeded,16.00,0.00,0.00,0.00,16.00
306,898295428,j4mdgv5raimhtggdlf8dnodvu0,10/17/23,21:43:59,Succeeded,16.00,0.00,0.00,0.00,16.00
308,733896400,76fngt3b43hvplq1s6h35p7ald,10/18/23,09:40:41,Succeeded,16.00,0.00,0.00,0.00,16.00
309,368354455,t9ckr353oh9jik68g5la9grvld,10/18/23,09:53:23,Succeeded,16.00,0.00,0.00,0.00,16.00
310,252952629,h2ghq3ht73lgk2aecl9n2lq4cf,10/18/23,10:01:40,Succeeded,10.00,0.00,0.00,0.00,10.00
311,522413221,l0glvqbcil6iktmp39gn8tbfa0,10/18/23,11:50:09,Succeeded,12.00,0.00,0.00,0.00,12.00
312,817774487,poaomn4if1eaqh1e3pabl0ik72,10/18/23,12:59:16,Succeeded,16.00,0.00,0.00,0.00,16.00
313,650364333,nvbnuo8nljpdnj8jpc5bmq0g92,10/18/23,13:23:50,Succeeded,16.00,0.00,0.00,0.00,16.00
314,67,lpkg8se70corv3u25jhc4ecjjc,10/18/23,14:21:33,Succeeded,12.00,0.00,0.00,0.00,12.00
315,542752766,dc2i5jusrlu0o5ptlcotn0al1j,10/18/23,17:15:12,Succeeded,16.00,0.00,0.00,0.00,16.00
316,450035351,mmj913ggbu3e0u3jies977q6vp,10/18/23,18:11:21,Succeeded,32.00,0.00,0.00,0.00,32.00
317,933264124,o0ro7dv79bp5h2enrhtpb731si,10/18/23,19:02:33,Succeeded,12.00,0.00,0.00,0.00,12.00
318,884767094,adt7s2g0u31drkjmbaeg51eeg2,10/19/23,07:45:15,Succeeded,32.00,0.00,0.00,0.00,32.00
319,906985917,qdbnkeh7dsu13e2dcr7ms17ta1,10/19/23,13:37:05,Succeeded,16.00,0.00,0.00,0.00,16.00
320,662195775,uosdn7ehjtmjb8idersggp1d46,10/19/23,14:27:35,Succeeded,12.00,0.00,0.00,0.00,12.00
321,60,2pa5mtpbu1991gc963kg42j7f0,10/19/23,15:59:25,Succeeded,20.00,0.00,0.00,0.00,20.00
322,974508493,e4d7l305r37fgf8k91lg32ckkc,10/19/23,16:44:30,Succeeded,12.00,0.00,0.00,0.00,12.00
323,626887383,uqlh0ldticn4cs899got7ot31q,10/19/23,17:57:31,Succeeded,12.00,0.00,0.00,0.00,12.00
324,218975869,hsjfu7517b2ngr2d6l10mvtgmh,10/19/23,18:30:42,Succeeded,12.00,0.00,0.00,0.00,12.00
325,618964067,ic6dsbkb9akkf8i5g8a54qjtvq,10/19/23,19:36:52,Succeeded,24.00,0.00,0.00,0.00,24.00
326,225765237,88cs5v3hl5qihu323js2q2h8jq,10/20/23,00:16:16,Succeeded,16.00,0.00,0.00,0.00,16.00
327,68,52enb41o63t5iomthvkn922mgd,10/20/23,15:28:56,Succeeded,12.00,0.00,0.00,0.00,12.00
328,200612201,gseihc3ug1q4pu4tgadf4kgdpn,10/20/23,16:15:26,Succeeded,5.00,0.00,0.00,0.00,5.00
329,794808182,53idm613npob00ltp75374ipot,10/20/23,17:16:12,Succeeded,12.00,0.00,0.00,0.00,12.00
330,131916872,t12f8snk8j33hmf55fb3er617n,10/20/23,18:50:38,Succeeded,12.00,0.00,0.00,0.00,12.00
331,942045609,4cu5b8ae6k4bl3b2dn5sulvbje,10/20/23,19:21:24,Succeeded,12.00,0.00,0.00,0.00,12.00
332,218209357,msk9orlt4nmvng8qceaiensmgj,10/20/23,21:19:16,Succeeded,16.00,0.00,0.00,0.00,16.00
333,70,4ru3h9qg8c80mh50f5uvncspp6,10/21/23,10:47:21,Succeeded,16.00,0.00,0.00,0.00,16.00
334,467724546,9rq13mnqcfffpvufjmh9820j0f,10/21/23,15:27:19,Succeeded,16.00,0.00,0.00,0.00,16.00
335,372643321,j63fl9oorbubl4n9ppupt7n5eb,10/21/23,16:55:54,Succeeded,32.00,0.00,0.00,0.00,32.00
336,994994590,e0i5au0r7ptaoo2p2pstsb9bci,10/21/23,19:00:42,Succeeded,16.00,0.00,0.00,0.00,16.00
337,624104959,g9ev9vq1271h39l8h43gqhncfq,10/21/23,20:02:33,Succeeded,16.00,0.00,0.00,0.00,16.00
338,882570193,gbjnj351o3pncq9t521vre0eh0,10/22/23,16:45:08,Succeeded,16.00,0.00,0.00,0.00,16.00
339,558501549,9obnr7aj2ec497hhgs5905icv3,10/22/23,19:57:44,Succeeded,32.00,0.00,0.00,0.00,32.00
340,447616621,hebkdvfmdoemq4tvjb8n2gj02a,10/23/23,10:13:04,Succeeded,16.00,0.00,0.00,0.00,16.00
342,72,pphlfh488ejbtnruqp20v5qjrq,10/23/23,10:13:27,Succeeded,32.00,0.00,0.00,0.00,32.00
343,165532226,q1kus44srq8enpfqd8lm8qb3nh,10/23/23,13:36:00,Succeeded,10.00,0.00,0.00,0.00,10.00
344,73,m96l4kfurhbipu4l1g0pj9ditd,10/23/23,13:41:21,Succeeded,10.00,0.00,0.00,0.00,10.00
345,362849336,bfbp8uqv2hiv9sq9qtfdcc84aa,10/23/23,13:42:34,Succeeded,10.00,0.00,0.00,0.00,10.00
346,200855637,cf13573uj0k0925gu61sgpip5v,10/23/23,14:34:09,Succeeded,5.00,0.00,0.00,0.00,5.00
347,496885937,14enkifu0fk5gmcr1idd4tvpfd,10/24/23,02:44:33,Succeeded,5.00,0.00,0.00,0.00,5.00
348,51,jmj2b9te9t21hamrd3ocbosrqa,10/24/23,09:57:22,Succeeded,16.00,0.00,0.00,0.00,16.00
349,34,pgc662pcu7ndtvkv6e5qhao383,10/24/23,12:28:59,Succeeded,5.00,0.00,0.00,0.00,5.00
350,759919177,m14hfma7mdlg0tka873iun2abd,10/24/23,16:44:06,Succeeded,5.00,0.00,0.00,0.00,5.00
351,63,3q3mnpre468lvg26dobdekcumb,10/24/23,17:20:37,Succeeded,10.00,0.00,0.00,0.00,10.00
352,273531147,mq6ha3v84sacu4vgbgqk8gice0,10/25/23,11:27:14,Succeeded,5.00,0.00,0.00,0.00,5.00
353,52,of2srpqjkt7pe21l8vma4q2mi3,10/25/23,12:11:16,Succeeded,16.00,0.00,0.00,0.00,16.00
355,21,0m5f3v2m39cgn8rq4vct003cd3,10/25/23,13:43:44,Succeeded,10.00,0.00,0.00,0.00,10.00
356,675148614,g9gs4h5in44rr4ep2srsau6fr6,10/25/23,15:05:13,Succeeded,26.00,0.00,0.00,0.00,26.00
357,76,r9dve0o7fob8gsnmk83u2e0n94,10/25/23,15:22:45,Succeeded,16.00,0.00,0.00,0.00,16.00
358,259013307,v9150idbire9i3u1qekocdr5bn,10/25/23,21:54:42,Succeeded,16.00,0.00,0.00,0.00,16.00
359,554686632,rfqbd8r7olagflcdkha8mcf6is,10/26/23,10:01:47,Succeeded,5.00,0.00,0.00,0.00,5.00
360,307281405,h631hhs2obhj53qbljia7o57p6,10/26/23,10:02:16,Succeeded,5.00,0.00,0.00,0.00,5.00
361,49,3tks68b2b94t0r9v3tpb4jsoqm,10/26/23,13:26:59,Succeeded,16.00,0.00,0.00,0.00,16.00
362,77,rh7ch4kkc69r66e4hvjpak68hh,10/26/23,16:56:32,Succeeded,5.00,0.00,0.00,0.00,5.00
363,950177575,t40mqfhsv7boegf83vosn75ppb,10/26/23,19:15:14,Succeeded,16.00,0.00,0.00,0.00,16.00
365,854542394,pb8b2o3umv7trhn0jrdp48nscv,10/26/23,20:19:37,Succeeded,5.00,0.00,0.00,0.00,5.00
366,78,n8eko5c573fhar92fbl1nr45ks,10/26/23,22:08:05,Succeeded,5.00,0.00,0.00,0.00,5.00
367,79,iu25gt4q01r5627gsjnh8nogaf,10/26/23,22:35:09,Succeeded,16.00,0.00,0.00,0.00,16.00
368,284349518,o050ofipnvkmpjk3f03rfmer7c,10/26/23,22:54:49,Succeeded,16.00,0.00,0.00,0.00,16.00
369,227522562,51f5kkpq5bka1qdddhdq4hr3g3,10/27/23,10:23:32,Succeeded,5.00,0.00,0.00,0.00,5.00
370,17,v005obeges8g9uciic2cksq8fu,10/27/23,10:35:16,Succeeded,5.00,0.00,0.00,0.00,5.00
371,80,p22ccbb7asgkmifmsfgibprgh6,10/27/23,11:17:59,Succeeded,12.00,0.00,0.00,0.00,12.00
372,503005734,oaf2lrqosh9ss0ckm151lev1le,10/27/23,11:32:11,Succeeded,16.00,0.00,0.00,0.00,16.00
373,943893580,ispdq7v5lf8vdhkbhvjuca5kdq,10/27/23,11:44:05,Succeeded,5.00,0.00,0.00,0.00,5.00
374,727998038,ajj155io70agdtrnnns5t1buhu,10/27/23,12:07:15,Succeeded,5.00,0.00,0.00,0.00,5.00
375,688521146,6covbuplek8b5j14mb7e0m6luq,10/27/23,13:59:41,Succeeded,32.00,0.00,0.00,0.00,32.00
376,218435485,nc9vt5c59astppl00q03j0ptsh,10/27/23,15:20:05,Succeeded,5.00,0.00,0.00,0.00,5.00
377,307492637,uho0pr88sd83ct5kjc8j2vv5gu,10/27/23,18:29:33,Succeeded,12.00,0.00,0.00,0.00,12.00
378,801993804,9e706fgvdgfj2gccjamjmht6kp,10/27/23,19:24:26,Succeeded,16.00,0.00,0.00,0.00,16.00
380,311436213,7kbhmvhbh07s0isdnju7bp0q9b,10/27/23,20:57:00,Succeeded,10.00,0.00,0.00,0.00,10.00
381,283876915,e80guuucdlhk86i010leuipgq0,10/27/23,20:58:10,Succeeded,16.00,0.00,0.00,0.00,16.00
382,288673851,83asdke1l6dfpuv9a2nt1pmd95,10/27/23,21:57:51,Succeeded,16.00,0.00,0.00,0.00,16.00
383,964858758,u86ia7ll8ib2cgqo1ipgr0bk12,10/27/23,22:15:20,Succeeded,16.00,0.00,0.00,0.00,16.00
384,34,kurf36e7rsv7ppl2q73rqdomvs,10/27/23,23:47:52,Succeeded,42.00,0.00,0.00,16.00,26.00
385,613395578,7kq69dq1h4742tq9hpa3d2sjao,10/28/23,01:35:16,Succeeded,10.00,0.00,0.00,0.00,10.00
386,231208800,2pf4ooo5kbti63cc99oilch0mq,10/28/23,10:17:03,Succeeded,16.00,0.00,0.00,0.00,16.00
387,763113081,1l9e6q7dvusq0e91mptc21sfu4,10/28/23,12:42:19,Succeeded,64.00,0.00,0.00,0.00,64.00
388,933033301,hhje8qclc2cvgf3n435gvks7b2,10/28/23,12:45:44,Succeeded,16.00,0.00,0.00,0.00,16.00
389,398128164,0epjqj1e9piu7dhbp0ttcbs4n5,10/28/23,13:10:21,Succeeded,21.00,0.00,0.00,0.00,21.00
391,209337312,g6h0f2bm5fji81th82efl6gqn3,10/28/23,14:48:48,Succeeded,16.00,0.00,0.00,0.00,16.00
392,8,vdhie19v5eamlbj7ufai9oh2ql,10/28/23,16:21:53,Succeeded,16.00,0.00,0.00,0.00,16.00
393,342181129,r8h04ueriikhv073aqldo6oprj,10/28/23,19:38:32,Succeeded,16.00,0.00,0.00,0.00,16.00
394,756361300,36tjol1g082ic7kfsn4lrkqr4e,10/28/23,22:30:46,Succeeded,16.00,0.00,0.00,0.00,16.00
395,225183449,q3tes13lq60qe3j8kli21lgai7,10/29/23,10:35:49,Succeeded,16.00,0.00,0.00,0.00,16.00
396,371067732,jdonq9tub5i924d3ddnb04sm3d,10/29/23,10:50:38,Succeeded,5.00,0.00,0.00,0.00,5.00
398,473970409,e7aa5lmsvtkgcqsirul96khjql,10/29/23,11:12:48,Succeeded,16.00,0.00,0.00,0.00,16.00
399,114144962,cdpq2u9oud5bafdp379udtu8pr,10/29/23,12:24:58,Succeeded,16.00,0.00,0.00,0.00,16.00
400,53,jil6jn77s6c54ecb0kacl03dh0,10/29/23,13:18:49,Succeeded,5.00,0.00,0.00,0.00,5.00
401,51,r5ijv1g45mj51tcnrh8ee762g2,10/29/23,15:31:17,Succeeded,16.00,0.00,0.00,0.00,16.00
402,373015765,pt7leecmadj36i5odhgbv8blba,10/29/23,17:05:43,Succeeded,10.00,0.00,0.00,0.00,10.00
403,709449213,1stngv7f8n9svkgdnor80gnh11,10/29/23,23:29:49,Succeeded,16.00,0.00,0.00,0.00,16.00
404,49,1ju3fmarsrdc1lsrrbu4t0luo5,10/30/23,10:56:34,Succeeded,16.00,0.00,0.00,0.00,16.00
405,574914109,pknbk2p1nmdqgv816cf45mgdtt,10/30/23,16:37:52,Succeeded,16.00,0.00,0.00,0.00,16.00
406,859503078,tbl9kmkpa4oubt666ct7prpj3b,10/30/23,16:45:24,Succeeded,16.00,0.00,0.00,0.00,16.00
407,367652435,nffen7ul0rpi2qvl51pbiu6qgm,10/30/23,18:35:37,Succeeded,10.00,0.00,0.00,0.00,10.00
408,60,vknpun4uovt64dcpvja3dm9kl7,10/31/23,17:09:08,Succeeded,20.00,0.00,0.00,0.00,20.00
409,401598995,2f343hfnm0f6jhrt7tvlcuop9g,10/31/23,19:12:47,Succeeded,16.00,0.00,0.00,0.00,16.00
410,87,khmi6f8alv6haul09hhdg1sfd7,10/31/23,20:42:46,Succeeded,26.00,0.00,0.00,0.00,26.00
411,259619710,1pspc0vds3i4br872v30abi1fg,10/31/23,21:48:15,Succeeded,16.00,0.00,0.00,0.00,16.00
412,557612814,ln87p3ubopab3d4ieh19nbvlcq,10/31/23,21:49:39,Succeeded,16.00,0.00,0.00,0.00,16.00
413,557612814,v59u1ddlphsm509lbv7ddr7beb,10/31/23,21:49:42,Succeeded,0.00,0.00,0.00,0.00,0.00
414,176877147,014b756qdf8s31qcoian7d98fl,11/1/23,00:37:33,Succeeded,10.00,0.00,2.00,0.00,8.00
415,497681336,f4o2acveau8ks45hq9ifrk7p41,11/1/23,00:40:07,Succeeded,16.00,0.00,0.00,0.00,16.00
416,393431684,3ob9iofl8n4m8tbp4nuc37a63c,11/1/23,01:38:24,Succeeded,16.00,0.00,0.00,0.00,16.00
417,728727377,ok8l9drrbsfst70b1n4vjikg0b,11/1/23,10:17:07,Succeeded,16.00,0.00,0.00,0.00,16.00
418,961308164,5kemr7s0os6h85c52267uv4km7,11/1/23,11:09:18,Succeeded,10.00,0.00,0.00,0.00,10.00
419,80,f7tpumjedstij6bhl3bc28pi6u,11/1/23,16:26:38,Succeeded,16.00,0.00,0.00,0.00,16.00
420,933049599,clb3oqq8b7lte2o5qdkes2s2en,11/1/23,18:56:42,Succeeded,16.00,0.00,0.00,0.00,16.00
421,102385346,a4hnj16f4rp1v5lkqg6celq0vp,11/2/23,00:04:01,Succeeded,10.00,0.00,0.00,0.00,10.00
422,80,6542iabtersp84ll6k3ad80m8p,11/2/23,00:17:18,Succeeded,80.00,8.00,0.00,0.00,72.00
423,886749471,50t5kmv2qt73rjr0a1ffb7tntc,11/2/23,09:54:38,Succeeded,32.00,0.00,0.00,0.00,32.00
425,127227092,71arnpij89nijp5bgsckg4lic6,11/2/23,11:41:20,Succeeded,16.00,0.00,0.00,0.00,16.00
426,856510905,hu61ppqdekd0f21j0sohfup9kd,11/3/23,10:27:23,Succeeded,16.00,0.00,0.00,0.00,16.00
427,50,df2q0mvm71h7gfofj6lvn67rnm,11/3/23,10:28:00,Succeeded,16.00,0.00,0.00,0.00,16.00
428,7,9ahmmq014h9bjfhoasq8c8l1rf,11/3/23,18:59:33,Succeeded,32.00,0.00,0.00,0.00,32.00
429,522123215,980uaiigfrloo3b5jpfi4lnv3v,11/3/23,21:34:10,Succeeded,16.00,0.00,0.00,0.00,16.00
431,192327891,0t5unvdmed17q68hs6p1r094lq,11/3/23,22:16:56,Succeeded,16.00,0.00,0.00,0.00,16.00
432,273159855,tgoounm0d9pkh9ev6govs8mcs1,11/4/23,01:06:23,Succeeded,16.00,0.00,0.00,0.00,16.00
433,307358544,abs140gtqcgb6pqse0u01t7sbt,11/4/23,07:17:59,Succeeded,16.00,0.00,0.00,0.00,16.00
435,273159855,2ep0br6d42u93o3srjisp754o8,11/4/23,08:06:05,Succeeded,16.00,0.00,0.00,0.00,16.00
436,97,1fqjd14e43s5b2bmm3l903aflj,11/4/23,09:12:01,Succeeded,16.00,0.00,0.00,0.00,16.00
437,845009095,g2rcfpujridorlmc0h0e6t3b20,11/4/23,09:30:19,Succeeded,10.00,0.00,0.00,0.00,10.00
438,859135278,gqfh8dblpogj51vgtin4og1nmi,11/4/23,11:09:08,Succeeded,16.00,0.00,0.00,0.00,16.00
439,553770247,h6hu6mhbuecl99r73r997thhv3,11/4/23,16:17:51,Succeeded,16.00,0.00,0.00,0.00,16.00
440,944916811,vua6hrl7riotn03754luou6rud,11/4/23,20:26:15,Succeeded,32.00,0.00,0.00,0.00,32.00
441,251944077,s606ch53ahu9pm91o4ihs1vh2r,11/4/23,20:37:47,Succeeded,16.00,0.00,0.00,0.00,16.00
442,511614351,jooupovk46v7eg02vaqkm6uvgf,11/4/23,20:40:54,Succeeded,32.00,0.00,0.00,0.00,32.00
443,102,3hkrgg9vnt09bdrss2lmedivoc,11/5/23,10:40:44,Succeeded,16.00,0.00,0.00,0.00,16.00
444,112949378,uvc0grspo0lg4vvahm02e6iscc,11/5/23,11:32:10,Succeeded,16.00,0.00,0.00,0.00,16.00
445,217860606,u2f2nqaacd7thlad92pjd3js85,11/5/23,12:02:50,Succeeded,16.00,0.00,0.00,0.00,16.00
446,97,31uo73rvkhs5ba90spoa46p4qp,11/5/23,13:13:23,Succeeded,16.00,0.00,0.00,0.00,16.00
447,491507855,r4qv9f9vt09gb2hbiv5757knke,11/5/23,17:26:10,Succeeded,16.00,0.00,0.00,0.00,16.00
449,393403566,jnkn8677uj8ann8sdcp9o12508,11/5/23,20:40:39,Succeeded,16.00,0.00,0.00,0.00,16.00
450,531780291,1dbhrov8besfag7m8r3si2gjnt,11/5/23,21:41:47,Succeeded,16.00,0.00,0.00,0.00,16.00
451,50,tj7evtbiqrflbc030r7qciqf7i,11/5/23,21:42:25,Succeeded,16.00,0.00,0.00,0.00,16.00
452,51,b5fippcjtflbp1cnomb59aro49,11/6/23,07:09:40,Succeeded,16.00,0.00,0.00,0.00,16.00
454,34,0lbq96bs1qeeq0i14s063n5mg0,11/6/23,13:55:10,Succeeded,16.00,0.00,0.00,0.00,16.00
455,8,k5vf5ppi0a2a8jcrp9o8di7v56,11/6/23,19:25:47,Succeeded,16.00,0.00,0.00,0.00,16.00
456,105,evchknhpqfukccd2f43ivmkosn,11/6/23,20:03:43,Succeeded,16.00,0.00,0.00,0.00,16.00
457,540859738,n83ro1lrog65e88lqpe1m3ncb5,11/6/23,22:20:42,Succeeded,16.00,0.00,0.00,0.00,16.00
458,533089556,id9khlj1d583aoe9au38025317,11/6/23,22:21:42,Succeeded,16.00,0.00,0.00,0.00,16.00
459,591497155,npd1im299bkd9kk1lp0022fs26,11/6/23,23:02:55,Succeeded,10.00,0.00,0.00,0.00,10.00
460,314472596,8afc42654jvi0fvptns512qpu8,11/7/23,00:42:00,Succeeded,32.00,0.00,0.00,0.00,32.00
461,104,vbc7oj57gbg3jruqbj8a7preir,11/7/23,01:10:04,Succeeded,16.00,0.00,0.00,0.00,16.00
463,816685042,u1qm5baocc7o7vll5sfro6dspo,11/7/23,20:01:09,Succeeded,16.00,0.00,0.00,0.00,16.00
464,318387574,mp0obm53iebtthdj715vgieidb,11/7/23,21:12:42,Succeeded,10.00,0.00,0.00,0.00,10.00
465,60,ot1ltu18q1mdldtmnqhp80d5fq,11/7/23,22:01:39,Succeeded,20.00,0.00,0.00,0.00,20.00
466,919239425,2vuvmpjcbbnrdaj0hitre3puuf,11/7/23,22:06:53,Succeeded,10.00,0.00,0.00,0.00,10.00
467,17,g0jgi8hvcqfs1vs29b78hmjai6,11/8/23,13:37:58,Succeeded,10.00,0.00,0.00,0.00,10.00
468,906765859,kl5j6vclm3pneclic717jsdrqo,11/8/23,14:14:22,Succeeded,20.00,0.00,0.00,0.00,20.00
470,50,90pmcd73abkd9l3tpkpgqps3io,11/8/23,19:01:54,Succeeded,16.00,0.00,0.00,0.00,16.00
471,106,s8gh6u314i2hhb1a4hh1t5k004,11/8/23,19:51:35,Succeeded,16.00,0.00,0.00,0.00,16.00
472,63,1vptd9e3udtjb13a6rltkftouf,11/8/23,20:09:45,Succeeded,10.00,0.00,0.00,0.00,10.00
473,772464192,3uo8phq51aim0ap06uudjpijol,11/8/23,23:38:18,Succeeded,10.00,0.00,0.00,0.00,10.00
475,361769558,aehl1rh0vd9o94p02d1br3so9h,11/9/23,10:05:45,Succeeded,32.00,0.00,0.00,0.00,32.00
476,309953255,lqcup1jstccqop6cdj0vapnf4u,11/9/23,11:59:07,Succeeded,16.00,0.00,0.00,0.00,16.00
477,227422506,po97a1q2no1iu58j650rrjk7ek,11/9/23,15:00:32,Succeeded,10.00,0.00,0.00,0.00,10.00
478,20,40397roai1bdum0uibaaqeevff,11/9/23,16:28:55,Succeeded,16.00,0.00,0.00,0.00,16.00
479,655660188,v5o2mfp5b3tclssoqrbk5t690u,11/9/23,18:47:21,Succeeded,16.00,0.00,0.00,0.00,16.00
480,200559032,fco83vdmrkhfc513agtoqi92oo,11/9/23,19:01:21,Succeeded,16.00,0.00,0.00,0.00,16.00
481,476547109,t0dbdv6gl3qpbobqsufea41l70,11/9/23,19:12:45,Succeeded,48.00,0.00,0.00,0.00,48.00
482,193061567,g4vbg8cl3t48p5qe83jjdr74qm,11/9/23,20:43:16,Succeeded,12.00,0.00,0.00,0.00,12.00
483,906765860,kl5j6vclm3pneclic717jsdrq1,11/9/23,12:08:30,Succeeded,20.00,0.00,0.00,0.00,20.00
484,323379985,9t2ovje6cqhfqo8793dhjsggk8,11/10/23,08:43:31,Succeeded,10.00,0.00,0.00,0.00,10.00
485,98,rj6p48irjnrkjjr9os580jc9bm,11/10/23,14:26:02,Succeeded,32.00,0.00,0.00,0.00,32.00
486,889388374,vo6qvoqutt2b2va59muj8bfnqu,11/10/23,14:51:46,Succeeded,16.00,0.00,0.00,0.00,16.00
487,398485732,caub9ce3avpmp49hitdki3iken,11/10/23,17:10:23,Succeeded,32.00,0.00,0.00,0.00,32.00
488,81,1dcdigisj14j3vt9vq5vegcrd6,11/10/23,17:14:26,Succeeded,16.00,0.00,0.00,0.00,16.00
489,3,753sop3ih6b5iu8ph8l163ba92,11/10/23,18:36:43,Succeeded,16.00,0.00,0.00,0.00,16.00
491,204369162,8tgeoqu8iinj3s1sbn4750c3tu,11/10/23,21:45:26,Succeeded,10.00,0.00,0.00,0.00,10.00
492,983212611,r00vb2ioud1a7bul724cqs1t9q,11/11/23,11:51:53,Succeeded,10.00,0.00,0.00,0.00,10.00
493,113,tailkimlvp7af4kskomb5km0ss,11/11/23,12:15:13,Succeeded,10.00,0.00,0.00,0.00,10.00
494,130273891,k6cshtevt5pciv6tl7psh2p1jf,11/11/23,14:09:59,Succeeded,16.00,0.00,0.00,0.00,16.00
495,350307878,fpit6e7ih4qjaetrkmppgsquui,11/11/23,14:21:37,Succeeded,16.00,0.00,0.00,0.00,16.00
496,17,ro4tvmomtesrf1v5c5vs70rgpi,11/11/23,14:41:46,Succeeded,16.00,0.00,0.00,0.00,16.00
497,493844561,7m2dboie1mhrbvot8c5j1pe8sh,11/11/23,16:00:55,Succeeded,16.00,0.00,0.00,0.00,16.00
499,116,h5le130096kb5op9c0jlo4g43r,11/11/23,19:50:06,Succeeded,16.00,0.00,0.00,0.00,16.00
500,80,68sge4dtees1t0fa9er7cstf41,11/11/23,20:36:21,Succeeded,76.00,7.60,0.00,0.00,68.40
501,124007623,itlm2l8665jga9tg1864khkg27,11/11/23,20:40:53,Succeeded,16.00,0.00,0.00,0.00,16.00
502,236767468,4smlu4m6qbob0ea39rf5qthb10,11/11/23,21:07:38,Succeeded,16.00,0.00,0.00,0.00,16.00
503,20,1c65k81bc7pudnlfnukeb64smd,11/11/23,23:25:24,Succeeded,32.00,0.00,0.00,0.00,32.00
505,693475905,cmr7134abk3m8gq2re3rhht083,11/12/23,07:58:06,Succeeded,96.00,9.60,0.00,0.00,86.40
506,120,mnrorbbl7q3j0h2auim3ne3n0e,11/12/23,11:40:43,Succeeded,12.00,0.00,0.00,0.00,12.00
508,394672883,n87t14f5g4da8csod0tv3p3avh,11/12/23,12:18:55,Succeeded,16.00,0.00,0.00,0.00,16.00
509,741082507,rlru17dukguj8kqhsfasfmrvjl,11/12/23,12:21:54,Succeeded,16.00,0.00,0.00,0.00,16.00
510,125512445,pebqm8b569o6hca9g10drn73sf,11/12/23,12:33:58,Succeeded,16.00,0.00,0.00,0.00,16.00
511,794375524,nn17vd5qk59sdthm8h51t4pgoc,11/12/23,12:56:41,Succeeded,16.00,0.00,0.00,0.00,16.00
512,181527762,g6o13i0clsr6mhnelieeksmv46,11/12/23,15:28:33,Succeeded,16.00,0.00,0.00,0.00,16.00
513,105,c2obbc0pn4p6picjuh7q392b75,11/12/23,17:29:38,Succeeded,16.00,0.00,0.00,0.00,16.00
514,140887375,qqs8fr4r0f5kqkbqbp5g43v9ok,11/12/23,19:49:08,Succeeded,16.00,0.00,0.00,0.00,16.00
515,348324741,6ik5ukr4msc06lumgdci6sae3b,11/12/23,20:37:00,Succeeded,10.00,0.00,0.00,0.00,10.00
516,806399024,uka4ara1lip6osfei3g026hdbp,11/12/23,21:04:42,Succeeded,16.00,0.00,0.00,0.00,16.00
517,783909640,4qnm3fe3jka8rjql5a1t01vjjf,11/13/23,08:00:23,Succeeded,16.00,0.00,0.00,0.00,16.00
518,547252011,ihf333i2csg4a51tgpdakqs999,11/13/23,10:40:27,Succeeded,16.00,0.00,0.00,0.00,16.00
519,837132339,h114vuuaj14g6dthbg7lljtkoj,11/13/23,13:57:46,Succeeded,16.00,0.00,0.00,0.00,16.00
520,88,06njh2131deg1u0uf7uqs53kfm,11/13/23,21:29:15,Succeeded,52.00,0.00,0.00,0.00,52.00
521,264039103,i7tno41e3rbe4dquf1i7p76vej,11/13/23,22:56:28,Succeeded,16.00,0.00,0.00,0.00,16.00
522,125,s27sk91ak47ilejdvlr6m6ch6u,11/14/23,01:05:15,Succeeded,32.00,0.00,0.00,0.00,32.00
523,248502757,91ct70vkp72bqe5afbsmpolosn,11/14/23,09:18:21,Succeeded,16.00,0.00,0.00,0.00,16.00
524,341353047,d3eab3rjuvgehr5eviasmie1bo,11/14/23,12:44:51,Succeeded,12.00,0.00,0.00,0.00,12.00
525,971610744,1h3hm1hafrbv4ljhbm2j3mcf34,11/14/23,13:06:08,Succeeded,16.00,0.00,0.00,0.00,16.00
526,115,qcoii73lqbr8kgklkul6tjt09j,11/14/23,13:09:24,Succeeded,16.00,0.00,0.00,0.00,16.00
528,60,u5a6mql4gbg8m79i0fva0gs2s5,11/14/23,15:07:30,Succeeded,20.00,0.00,0.00,0.00,20.00
529,370431852,2reclivn77q1e5flhb4a8sn9id,11/14/23,16:59:57,Succeeded,10.00,0.00,0.00,0.00,10.00
531,3,cqrtek318ujbr1gfpbhgsmofgs,11/14/23,17:11:28,Succeeded,10.00,0.00,0.00,0.00,10.00
532,927279170,8i84fteudmfp9fjtfq7km250v0,11/14/23,18:36:29,Succeeded,10.00,0.00,0.00,0.00,10.00
533,942738408,q642qt54j5o513n8d6nec1rmml,11/14/23,21:34:17,Succeeded,12.00,0.00,0.00,0.00,12.00
534,344412051,95rcilromjkhet5kgg148ogbbm,11/14/23,21:43:33,Succeeded,16.00,0.00,0.00,0.00,16.00
535,520930398,fjvlv63a1l9ho356jds3113lrs,11/14/23,22:09:23,Succeeded,10.00,0.00,0.00,0.00,10.00
536,606576786,4pgmjhafhi39l9redv0tfkln22,11/14/23,22:09:54,Succeeded,26.00,0.00,0.00,0.00,26.00
537,524057242,uu9n40bn5026bv60lqokfuorkg,11/14/23,23:11:39,Succeeded,16.00,0.00,0.00,0.00,16.00
538,996889220,m4kioj05ha0j39nodmkq9iqhib,11/14/23,23:17:27,Succeeded,16.00,0.00,0.00,0.00,16.00
539,713964375,sthn84tevmvl1t6cmong2vb6ur,11/15/23,06:09:39,Succeeded,10.00,0.00,0.00,0.00,10.00
540,631955587,ab6f7m51ernpcd0rkafihtkn3j,11/15/23,12:41:14,Succeeded,20.00,0.00,0.00,0.00,20.00
541,521038282,0omoppgn4ks8ejuab30e3lbjmb,11/15/23,13:14:39,Succeeded,16.00,0.00,0.00,0.00,16.00
542,780300718,vn1bqdrsogkaaakn9e09rhmmbj,11/15/23,13:36:51,Succeeded,16.00,0.00,0.00,0.00,16.00
543,104103362,tniq10io534kdfobmukb4ur1iq,11/15/23,14:25:08,Succeeded,10.00,0.00,0.00,0.00,10.00
544,920564438,6kobndneptvjo1i1ou3iemsb0t,11/15/23,14:25:16,Succeeded,10.00,0.00,0.00,0.00,10.00
546,766071187,v65s5eqmv0kpu1g14jo4iukclr,11/15/23,15:13:38,Succeeded,16.00,0.00,0.00,0.00,16.00
547,561527551,i0s5f9iigv4pl169jtldio4mqo,11/15/23,15:25:19,Succeeded,16.00,0.00,0.00,0.00,16.00
548,17,6mo78l676cgacf1bucqn9d0e2b,11/15/23,17:05:40,Succeeded,10.00,0.00,0.00,0.00,10.00
549,113,oucghfgk0djs203g22glrifpj7,11/15/23,17:41:17,Succeeded,10.00,0.00,0.00,0.00,10.00
550,101,pp3h339r8e2qetbv5nv1o9v8cr,11/15/23,19:05:04,Succeeded,16.00,0.00,0.00,0.00,16.00
551,919344109,de3nemrlf3vd88unrkivfa55bf,11/15/23,20:54:20,Succeeded,48.00,0.00,0.00,0.00,48.00
552,900510588,jrvd5fp6m2hjmdma3bgcl5thm2,11/15/23,21:17:18,Succeeded,10.00,0.00,0.00,0.00,10.00
553,705383763,92gcp2jund65fnb47a9jk73cr5,11/15/23,21:18:22,Succeeded,10.00,0.00,0.00,0.00,10.00
554,883480531,21mpp9kjhmil70vumd36h0p6db,11/15/23,22:59:27,Succeeded,16.00,0.00,0.00,0.00,16.00
555,806989017,5tp61k7bkrtcjib11018lnd1qu,11/16/23,00:19:43,Succeeded,16.00,0.00,0.00,0.00,16.00
556,133,mbn6nml6ag364nbdppdn1dai6a,11/16/23,00:51:54,Succeeded,10.00,0.00,0.00,0.00,10.00
557,134,s4ja0rgr40650bnk83bhnokik9,11/16/23,06:02:51,Succeeded,16.00,0.00,0.00,0.00,16.00
558,859135278,naeu18hjos8c61jk226rkikq9a,11/16/23,10:31:46,Transfer Class Only,16.00,0.00,0.00,16.00,0.00
559,7,ug6pc400e23rlb7d07lnqm3gk2,11/16/23,10:44:55,Succeeded,32.00,0.00,0.00,0.00,32.00
560,733444706,sv2ni1bmo1rmicrjdr0nf8ck4g,11/16/23,10:57:39,Succeeded,16.00,0.00,0.00,0.00,16.00
562,121340175,frcnuns7ord606pm8lnp5gp0em,11/16/23,11:25:50,Succeeded,12.00,0.00,0.00,0.00,12.00
564,131,7pq6rnepoqtrvftkrtgl85nebe,11/16/23,14:43:26,Succeeded,32.00,0.00,0.00,0.00,32.00
565,789090050,uj36h2t04mucmskj51ctaa5nun,11/16/23,16:56:34,Succeeded,12.00,0.00,0.00,0.00,12.00
566,856974246,9b7emkk5jmmel6p8ivf97ue4me,11/16/23,17:18:01,Succeeded,16.00,0.00,0.00,0.00,16.00
567,546505100,68jamvu1p5hejp8q8dgl21fipo,11/16/23,17:19:46,Succeeded,12.00,0.00,0.00,0.00,12.00
568,50,0q6abveraaunf53p7318kgkjt2,11/16/23,18:43:19,Succeeded,12.00,0.00,0.00,0.00,12.00
569,237969106,fqpnics7qssgahpji81rq5j95c,11/16/23,18:47:14,Succeeded,12.00,0.00,0.00,0.00,12.00
570,901641127,gjpbmr906i5k7ppllpkcgp76k3,11/16/23,19:01:29,Succeeded,16.00,0.00,0.00,0.00,16.00
571,619574792,pgjd89vc4rq6ias6vfu0o9s5he,11/16/23,21:54:31,Succeeded,10.00,0.00,0.00,0.00,10.00
572,410893636,kqromgel8rlq4a7o60bvrd1sp7,11/16/23,22:15:24,Succeeded,16.00,0.00,0.00,0.00,16.00
573,45,s86athouqpthp3c7qe5datt952,11/17/23,00:40:43,Succeeded,12.00,0.00,0.00,0.00,12.00
575,282109650,l6u574nnomn1q86ajgih8mmmb1,11/17/23,09:15:14,Succeeded,16.00,0.00,0.00,0.00,16.00
576,110339920,9udrujpr0avg6a6j9up8pd89hm,11/17/23,09:46:40,Succeeded,26.00,0.00,0.00,0.00,26.00
577,129,ifeokobn063naa07h5066v9ptj,11/17/23,10:49:18,Succeeded,10.00,0.00,0.00,0.00,10.00
578,281457663,f2gje5ppg3n59jbopl7u6l43i8,11/17/23,13:11:03,Succeeded,32.00,0.00,0.00,0.00,32.00
579,84,as14t545enqv75esnkgra2hqkm,11/17/23,13:15:35,Succeeded,10.00,0.00,0.00,0.00,10.00
580,84,hebb98gdrrbta0kna93e3577uc,11/17/23,13:17:46,Succeeded,10.00,0.00,0.00,0.00,10.00
581,135,nh4033bpl5c880bl7hacaj4dqe,11/17/23,15:18:22,Succeeded,10.00,0.00,0.00,0.00,10.00
582,707835609,da9t8sqmcc9q7fitre4n8ek4do,11/17/23,16:20:04,Succeeded,16.00,0.00,0.00,0.00,16.00
583,136,6j4n50tc72gb6lvbbcd97ae964,11/17/23,17:12:32,Succeeded,16.00,0.00,0.00,0.00,16.00
584,81,5a9lsuksn78d8k5fvl6ro4nao2,11/17/23,18:45:09,Succeeded,16.00,0.00,0.00,0.00,16.00
585,128,s5cvbkpvtih3l52fnpjhbpb3qm,11/17/23,21:40:02,Succeeded,16.00,0.00,0.00,0.00,16.00
586,98,r4u6udl9ti3ovl0alc2j41hru1,11/17/23,21:56:10,Succeeded,96.00,9.60,0.00,0.00,86.40
587,103,e3hnbfk3at0pbpsn7havsbc998,11/18/23,00:57:40,Succeeded,16.00,0.00,0.00,0.00,16.00
588,954324118,9d76ckdui18dm7ec1l9qb95lmb,11/18/23,10:04:07,Succeeded,32.00,0.00,0.00,0.00,32.00
589,457216054,nlc8gq7lm3bpp0cq5ocnnitof1,11/18/23,11:36:56,Succeeded,10.00,0.00,0.00,0.00,10.00
590,5,52prdikcjdm08nvjd0b250g0m8,11/18/23,11:50:01,Succeeded,16.00,0.00,0.00,0.00,16.00
591,138,mhe6jql3frfc4ln0dbfkruogre,11/18/23,11:56:24,Succeeded,10.00,0.00,0.00,0.00,10.00
592,107861562,ds73ftehhd3jtii2n6nkul0241,11/18/23,13:00:39,Succeeded,16.00,0.00,0.00,0.00,16.00
593,49,j7aork34unbjokb3h136vc5d2d,11/18/23,13:14:13,Succeeded,16.00,0.00,0.00,0.00,16.00
594,50,9pra3ef47dtqpged4qka7oifri,11/18/23,13:59:56,Succeeded,16.00,0.00,0.00,0.00,16.00
595,630274336,4fi6cn42obln97t168q29ikodn,11/18/23,14:05:18,Succeeded,16.00,0.00,0.00,0.00,16.00
596,784862385,2mdi935pv6klhrl9vqushcr3jm,11/18/23,18:29:07,Succeeded,16.00,0.00,0.00,0.00,16.00
597,140,e47b5dikqb9jjmfrc999h22lh9,11/18/23,21:22:42,Succeeded,16.00,0.00,0.00,0.00,16.00
598,918793688,rr0gts7n4eevg22j38tv5keb8d,11/18/23,22:09:22,Succeeded,16.00,0.00,0.00,0.00,16.00
599,102,g2pgdj7rkqbu30d3v4qpaii4tm,11/18/23,22:27:06,Succeeded,16.00,0.00,0.00,0.00,16.00
600,53,u3vci5e448mjq2igb3ldbamu2f,11/19/23,01:48:09,Succeeded,80.00,8.00,0.00,0.00,72.00
601,408180876,nbrj5iodlm4v7m818p3n9tum9j,11/19/23,02:42:55,Succeeded,16.00,0.00,0.00,0.00,16.00
602,32,70dl4g39dq34sf8e66hmsug5bc,11/19/23,08:59:37,Succeeded,16.00,0.00,0.00,0.00,16.00
603,902326969,df36mfujqgnv5rod5v7eueb8g4,11/19/23,09:40:08,Succeeded,32.00,0.00,0.00,0.00,32.00
604,764759387,she9g5n9jk15ojmkub9p5ce7bl,11/19/23,11:10:31,Succeeded,16.00,0.00,0.00,0.00,16.00
605,244719528,5otsi2rvvgji40mba2vrg9c30v,11/19/23,12:15:55,Succeeded,16.00,0.00,0.00,0.00,16.00
606,103,3ro2p65ok3a9b2b7dcbr1vq4e7,11/19/23,12:37:13,Succeeded,10.00,0.00,0.00,0.00,10.00
607,355406618,1ql4o9vgripoj8sp508o95e0ma,11/19/23,17:06:39,Succeeded,10.00,0.00,0.00,0.00,10.00
608,143,0vqil3iqmm64ni65d68juqtgnc,11/19/23,17:47:53,Succeeded,16.00,0.00,0.00,0.00,16.00
609,225401113,tka241btgnjha14lt6ev291bqi,11/19/23,20:31:16,Succeeded,10.00,0.00,0.00,0.00,10.00
610,217103011,1a7905vks0uo53o0j3mlepk022,11/20/23,01:04:27,Succeeded,10.00,0.00,0.00,0.00,10.00
611,134,babmek3o0edl19g5vlqf1etcdr,11/20/23,06:22:55,Succeeded,10.00,0.00,0.00,0.00,10.00
612,134,jmghk16vnd3cn0dp1pr6ijkclj,11/20/23,06:26:59,Succeeded,16.00,0.00,0.00,0.00,16.00
613,51,hqei82mcji08g74gmne375hcoa,11/20/23,08:00:32,Succeeded,16.00,0.00,0.00,0.00,16.00
614,943098375,2msm54fcj2funma315pigrk3gu,11/20/23,08:44:53,Succeeded,16.00,0.00,0.00,0.00,16.00
616,34,0n0gol6abbegm9bsb3bgsfit3f,11/20/23,11:34:39,Succeeded,90.00,8.00,0.00,10.00,72.00
617,7,s2p6b7ob26bp73r2oq9j8u394h,11/20/23,12:55:00,Succeeded,64.00,0.00,0.00,0.00,64.00
618,872650255,elmh8n1mrhiq62pa06nqv6kfsu,11/20/23,17:29:07,Succeeded,16.00,0.00,0.00,0.00,16.00
619,139,dob5jufqds5ofgr6gupufqt8di,11/21/23,10:00:56,Succeeded,30.00,0.00,0.00,0.00,30.00
620,650056691,2k4c3gj9g6nmjue4ddu5tc4qjk,11/21/23,12:05:07,Succeeded,10.00,0.00,0.00,0.00,10.00
621,139,elcpet4pjod6qu8f78lmu1vure,11/21/23,14:50:13,Succeeded,10.00,0.00,0.00,0.00,10.00
622,793580402,fhm3kilsjtmcp3uhu728mh6the,11/21/23,15:55:37,Succeeded,16.00,0.00,0.00,0.00,16.00
623,109,31a5192pa410ofm288hhfknho8,11/21/23,17:25:57,Succeeded,16.00,0.00,0.00,0.00,16.00
624,147,90df8mj1nvp00eitrfgp4a8kd6,11/21/23,23:29:06,Succeeded,32.00,0.00,0.00,0.00,32.00
625,400953234,sfqn1o8lpohkfg7b8goa5ujmoe,11/22/23,11:48:59,Succeeded,16.00,0.00,0.00,0.00,16.00
626,769358217,sdco90ca0fohgn32q2a8d9198f,11/22/23,12:40:20,Succeeded,10.00,0.00,0.00,0.00,10.00
627,16,s3dfmhh0c5hd0d7v4fmu9t6lg2,11/22/23,12:55:05,Succeeded,32.00,0.00,0.00,0.00,32.00
628,813952446,eubmj0tjk7df9do8hsfh631lbj,11/22/23,20:53:32,Succeeded,16.00,0.00,0.00,0.00,16.00
629,852764826,n3a27ldsm9089re45m0pfsi881,11/22/23,21:36:52,Succeeded,10.00,0.00,0.00,0.00,10.00
630,155541666,3gtmi5urp8f7g3tpd6p8a51jbi,11/22/23,22:09:02,Succeeded,64.00,0.00,0.00,0.00,64.00
631,662113024,rt196luek1idsm5csrsj9t2pgu,11/22/23,22:27:15,Succeeded,10.00,0.00,0.00,0.00,10.00
632,149,43081cq9rq2i1bknrj5iguktkl,11/22/23,22:52:51,Succeeded,10.00,0.00,0.00,0.00,10.00
633,61,ku53qdnrdr4qna4num69rsjo58,11/23/23,00:41:56,Succeeded,16.00,0.00,0.00,0.00,16.00
634,760152324,hn08ajdee5u94e4vofqoej4ure,11/23/23,19:21:17,Succeeded,12.00,0.00,0.00,0.00,12.00
635,599683785,jgiiv7ltj6qgq5rqcgvk0vln99,11/23/23,21:54:16,Succeeded,16.00,0.00,0.00,0.00,16.00
636,50,o679cqvu7fj14eu4usri8jvqs3,11/23/23,22:12:44,Succeeded,16.00,0.00,0.00,0.00,16.00
637,881039022,dno9qfd8lkg2cf65l4krcbjhs8,11/23/23,22:34:33,Succeeded,16.00,0.00,3.20,0.00,12.80
638,123,rf220gqj3srnucu44j01pj9s9u,11/23/23,22:44:15,Succeeded,16.00,0.00,3.20,0.00,12.80
639,3,4vdd00ltmsdtedba5jtp7ggcio,11/23/23,22:44:17,Transfer Class Only,16.00,0.00,0.00,16.00,0.00
640,962257397,e35oq9ce4m4hjvusfgb9gmbhi0,11/23/23,22:44:21,Succeeded,36.00,0.00,7.20,0.00,28.80
641,880275458,pgjsauieklelivggdrcbaf6r09,11/23/23,23:00:29,Succeeded,32.00,0.00,6.40,0.00,25.60
642,102,63d7ikfr9mhsescccud0gs0agh,11/23/23,23:31:11,Succeeded,32.00,0.00,6.40,0.00,25.60
644,152,dd8hjb3n2figf55499jcr1pstp,11/24/23,08:46:07,Succeeded,16.00,0.00,3.20,0.00,12.80
645,282360516,j4llj52v6m7sdtr6kb3e7f65a7,11/24/23,08:50:17,Succeeded,16.00,0.00,3.20,0.00,12.80
646,150031859,rdkm7sh9da3fs7goq6ri29bu03,11/24/23,08:51:52,Succeeded,16.00,0.00,3.20,0.00,12.80
647,283962460,5bsh8m8unssg53naja74a9g10e,11/24/23,09:07:40,Succeeded,16.00,0.00,3.20,0.00,12.80
648,153,309oemfob6kig36d71iiefrkg7,11/24/23,09:12:37,Succeeded,32.00,0.00,6.40,0.00,25.60
649,122,gr07ovf91qm209mbvpajojlvl6,11/24/23,13:08:39,Succeeded,16.00,0.00,3.20,0.00,12.80
650,145635122,ht4au77frjkleu3v496qpdg4qr,11/24/23,13:23:29,Succeeded,16.00,0.00,3.20,0.00,12.80
651,439085657,5jcensr8ue1un0qq15qsu8lnr2,11/24/23,14:56:26,Succeeded,10.00,0.00,2.00,0.00,8.00
652,110227601,2dlcesgvbcjg1n9frvlt1ejqbf,11/24/23,16:11:20,Succeeded,10.00,0.00,2.00,0.00,8.00
653,829783961,qc6vp7epmspfqgohff3supj1ts,11/24/23,16:36:14,Succeeded,16.00,0.00,3.20,0.00,12.80
654,845284592,k63k62g67ee7ek00024j6m1m9b,11/24/23,17:00:16,Succeeded,10.00,0.00,2.00,0.00,8.00
655,943714275,j9t2ruoku5mnho21mqofn8dm12,11/24/23,17:02:56,Succeeded,16.00,0.00,3.20,0.00,12.80
656,95,ge87qafvq9td8sno659kp1dnfp,11/24/23,17:08:52,Succeeded,16.00,0.00,3.20,0.00,12.80
657,149050942,regf433slujn13r87jld84shmu,11/24/23,17:27:36,Succeeded,10.00,0.00,2.00,0.00,8.00
658,155745692,ed20e808qng50qpvr38p7lmbm3,11/24/23,19:38:33,Succeeded,32.00,0.00,6.40,0.00,25.60
659,631741842,sqfbtf12jt20ukhg6mm91717jl,11/24/23,21:09:30,Succeeded,16.00,0.00,3.20,0.00,12.80
660,960520970,dk9d62tmbegh22qvlaer9nfccn,11/24/23,21:44:33,Succeeded,10.00,0.00,0.00,0.00,10.00
661,520913327,in10gu6s846j7tg3ul9tk6edbr,11/24/23,21:49:32,Succeeded,32.00,0.00,6.40,0.00,25.60
662,935194727,8dg0ik9ks8r77ebedsd2ria8s0,11/24/23,22:07:24,Succeeded,16.00,0.00,3.20,0.00,12.80
663,108560126,pj2k7ii5iueglu71uokoc17a93,11/24/23,22:18:41,Succeeded,26.00,0.00,5.20,0.00,20.80
664,74,olvajge6blu363eu66gfuv4kph,11/24/23,22:49:16,Succeeded,16.00,0.00,3.20,0.00,12.80
665,837930219,ba6258fl4tgc07mcev63t43anv,11/24/23,23:23:48,Succeeded,16.00,0.00,3.20,0.00,12.80
666,88,fa1jd8d3rsgd40an1vs8lrfvmp,11/24/23,23:48:13,Succeeded,50.00,5.00,10.00,0.00,35.00
667,950282862,ckhkqvevubuurd47up3lehf0um,11/24/23,23:59:31,Succeeded,48.00,0.00,9.60,0.00,38.40
668,140,fufn5p4j4pj9ed52ie7jsfnp1l,11/25/23,01:23:13,Succeeded,16.00,0.00,1.60,0.00,14.40
669,359001059,ekmakib7at90svm05m5usvf6a7,11/25/23,09:08:06,Succeeded,16.00,0.00,1.60,0.00,14.40
670,114,km08gh5thn7dq2380ng184cl2a,11/25/23,11:59:10,Succeeded,16.00,0.00,0.00,0.00,16.00
671,488111533,n93gdudloca1227lcakaofh0nr,11/25/23,12:24:59,Succeeded,16.00,0.00,1.60,0.00,14.40
672,334502645,df2h6t4rjmrl1rjf400dnks4k8,11/25/23,15:33:12,Succeeded,10.00,0.00,1.00,0.00,9.00
673,783726714,v8c1ucvhrff0hgef3jtrn54vsq,11/25/23,16:41:46,Succeeded,16.00,0.00,0.00,0.00,16.00
675,51,64m1gjvvv4eer0ksci2as3g0ro,11/25/23,19:00:30,Transfer Class Only,16.00,0.00,0.00,16.00,0.00
676,158,ciqnfaqsnapa05l6hhrnvoh5ic,11/25/23,20:44:38,Succeeded,32.00,0.00,0.00,0.00,32.00
677,454342131,qr4ea1tchdkevv9829inq9qg8i,11/25/23,20:48:06,Succeeded,16.00,0.00,0.00,0.00,16.00
678,136215612,kb8rqr9t2vsqa5n1f3qdqgoemd,11/25/23,21:22:29,Succeeded,16.00,0.00,0.00,0.00,16.00
679,79,b9m9vq3fu65dlurqcnfputu55s,11/25/23,22:35:14,Succeeded,16.00,0.00,1.60,0.00,14.40
680,907413322,hen50090mp0ma8h47urqbvv6ro,11/26/23,00:52:27,Succeeded,16.00,0.00,1.60,0.00,14.40